date,DFII5,DFII10,DFII30
2015-01-02,0.31,0.41,0.76
2015-01-05,0.32,0.4,0.71
2015-01-06,0.34,0.41,0.68
2015-01-07,0.31,0.39,0.68
2015-01-08,0.29,0.41,0.73
2015-01-09,0.25,0.36,0.72
2015-01-12,0.23,0.35,0.69
2015-01-13,0.32,0.37,0.73
2015-01-14,0.15,0.29,0.69
2015-01-15,0.04,0.19,0.61
2015-01-16,0.1,0.23,0.66
2015-01-19,,,
2015-01-20,0.12,0.23,0.63
2015-01-21,0.18,0.26,0.71
2015-01-22,0.2,0.29,0.69
2015-01-23,0.12,0.21,0.61
2015-01-26,0.12,0.22,0.64
2015-01-27,0.05,0.17,0.64
2015-01-28,0.01,0.12,0.56
2015-01-29,-0.03,0.15,0.59
2015-01-30,-0.11,0.03,0.52
2015-02-02,-0.13,0.03,0.54
2015-02-03,-0.12,0.09,0.62
2015-02-04,-0.06,0.1,0.6
2015-02-05,-0.08,0.13,0.64
2015-02-06,0.12,0.24,0.68
2015-02-09,0.13,0.25,0.67
2015-02-10,0.2,0.31,0.74
2015-02-11,0.21,0.32,0.75
2015-02-12,0.13,0.33,0.78
2015-02-13,0.21,0.34,0.81
2015-02-16,,,
2015-02-17,0.29,0.43,0.87
2015-02-18,0.2,0.36,0.82
2015-02-19,0.23,0.37,0.84
2015-02-20,0.24,0.38,0.83
2015-02-23,0.22,0.34,0.79
2015-02-24,0.14,0.27,0.73
2015-02-25,0.11,0.24,0.7
2015-02-26,0.05,0.24,0.72
2015-02-27,0.01,0.17,0.68
2015-03-02,0.03,0.25,0.75
2015-03-03,0.04,0.26,0.75
2015-03-04,-0.01,0.25,0.74
2015-03-05,0.04,0.27,0.74
2015-03-06,0.15,0.41,0.86
2015-03-09,0.19,0.44,0.88
2015-03-10,0.26,0.41,0.85
2015-03-11,0.15,0.39,0.83
2015-03-12,0.18,0.39,0.84
2015-03-13,0.2,0.44,0.88
2015-03-16,0.3,0.45,0.87
2015-03-17,0.22,0.42,0.81
2015-03-18,0.08,0.23,0.66
2015-03-19,-0.01,0.19,0.65
2015-03-20,-0.08,0.17,0.61
2015-03-23,-0.07,0.17,0.62
2015-03-24,-0.16,0.11,0.55
2015-03-25,-0.15,0.12,0.57
2015-03-26,-0.1,0.21,0.67
2015-03-27,-0.12,0.19,0.64
2015-03-30,-0.08,0.23,0.69
2015-03-31,-0.14,0.18,0.69
2015-04-01,-0.26,0.07,0.6
2015-04-02,-0.21,0.11,0.64
2015-04-03,-0.32,0.02,0.58
2015-04-06,-0.29,0.07,0.66
2015-04-07,-0.28,0.04,0.6
2015-04-08,-0.23,0.08,0.63
2015-04-09,-0.19,0.13,0.68
2015-04-10,-0.15,0.14,0.67
2015-04-13,-0.17,0.14,0.68
2015-04-14,-0.21,0.1,0.65
2015-04-15,-0.26,0.07,0.64
2015-04-16,-0.27,0.05,0.63
2015-04-17,-0.34,-0.02,0.54
2015-04-20,-0.27,0.01,0.59
2015-04-21,-0.24,0.06,0.63
2015-04-22,-0.19,0.12,0.7
2015-04-23,-0.33,0.07,0.66
2015-04-24,-0.37,0.04,0.64
2015-04-27,-0.35,0.03,0.63
2015-04-28,-0.3,0.11,0.71
2015-04-29,-0.27,0.14,0.76
2015-04-30,-0.29,0.11,0.72
2015-05-01,-0.22,0.18,0.78
2015-05-04,-0.18,0.24,0.86
2015-05-05,-0.18,0.25,0.86
2015-05-06,-0.11,0.34,0.95
2015-05-07,-0.11,0.3,0.88
2015-05-08,-0.16,0.28,0.89
2015-05-11,-0.05,0.4,1.0
2015-05-12,-0.07,0.4,0.99
2015-05-13,-0.1,0.41,1.04
2015-05-14,-0.14,0.36,1.03
2015-05-15,-0.16,0.31,0.94
2015-05-18,-0.1,0.37,1.02
2015-05-19,-0.02,0.42,1.06
2015-05-20,-0.08,0.38,1.06
2015-05-21,-0.1,0.35,1.01
2015-05-22,-0.08,0.34,1.0
2015-05-25,,,
2015-05-26,-0.05,0.32,0.94
2015-05-27,-0.01,0.34,0.95
2015-05-28,-0.02,0.33,0.98
2015-05-29,-0.08,0.32,0.95
2015-06-01,0.0,0.39,1.02
2015-06-02,0.02,0.44,1.08
2015-06-03,0.1,0.55,1.16
2015-06-04,0.06,0.5,1.09
2015-06-05,0.11,0.55,1.14
2015-06-08,0.09,0.54,1.14
2015-06-09,0.09,0.56,1.18
2015-06-10,0.14,0.63,1.25
2015-06-11,0.11,0.56,1.17
2015-06-12,0.11,0.55,1.16
2015-06-15,0.07,0.51,1.12
2015-06-16,0.01,0.44,1.05
2015-06-17,-0.06,0.42,1.09
2015-06-18,-0.02,0.46,1.14
2015-06-19,-0.04,0.4,1.07
2015-06-22,0.03,0.47,1.14
2015-06-23,0.04,0.5,1.17
2015-06-24,0.05,0.48,1.13
2015-06-25,0.07,0.49,1.13
2015-06-26,0.09,0.57,1.21
2015-06-29,0.03,0.46,1.1
2015-06-30,0.02,0.48,1.11
2015-07-01,0.1,0.54,1.18
2015-07-02,0.02,0.49,1.16
2015-07-03,,,
2015-07-06,-0.01,0.43,1.07
2015-07-07,-0.02,0.4,1.04
2015-07-08,-0.04,0.39,1.02
2015-07-09,0.02,0.47,1.13
2015-07-10,0.1,0.55,1.19
2015-07-13,0.15,0.58,1.21
2015-07-14,0.12,0.56,1.2
2015-07-15,0.1,0.52,1.15
2015-07-16,0.14,0.52,1.13
2015-07-17,0.17,0.51,1.12
2015-07-20,0.23,0.56,1.14
2015-07-21,0.2,0.53,1.12
2015-07-22,0.21,0.53,1.1
2015-07-23,0.2,0.49,1.06
2015-07-24,0.24,0.51,1.07
2015-07-27,0.23,0.5,1.05
2015-07-28,0.23,0.51,1.07
2015-07-29,0.22,0.52,1.08
2015-07-30,0.22,0.51,1.06
2015-07-31,0.18,0.46,1.04
2015-08-03,0.21,0.46,1.02
2015-08-04,0.29,0.52,1.06
2015-08-05,0.34,0.58,1.11
2015-08-06,0.31,0.56,1.08
2015-08-07,0.31,0.52,1.02
2015-08-10,0.32,0.55,1.07
2015-08-11,0.26,0.49,1.01
2015-08-12,0.25,0.52,1.06
2015-08-13,0.34,0.57,1.07
2015-08-14,0.36,0.58,1.05
2015-08-17,0.36,0.58,1.05
2015-08-18,0.39,0.62,1.1
2015-08-19,0.33,0.55,1.06
2015-08-20,0.33,0.53,1.02
2015-08-21,0.31,0.52,1.04
2015-08-24,0.28,0.52,1.07
2015-08-25,0.33,0.59,1.14
2015-08-26,0.36,0.65,1.22
2015-08-27,0.29,0.6,1.15
2015-08-28,0.3,0.58,1.12
2015-08-31,0.28,0.58,1.15
2015-09-01,0.31,0.6,1.17
2015-09-02,0.33,0.64,1.22
2015-09-03,0.33,0.64,1.22
2015-09-04,0.33,0.62,1.18
2015-09-07,,,
2015-09-08,0.38,0.67,1.25
2015-09-09,0.38,0.65,1.21
2015-09-10,0.34,0.64,1.21
2015-09-11,0.31,0.61,1.18
2015-09-14,0.32,0.62,1.19
2015-09-15,0.41,0.72,1.29
2015-09-16,0.41,0.73,1.32
2015-09-17,0.26,0.63,1.26
2015-09-18,0.26,0.58,1.19
2015-09-21,0.32,0.66,1.3
2015-09-22,0.29,0.63,1.26
2015-09-23,0.31,0.64,1.26
2015-09-24,0.33,0.64,1.24
2015-09-25,0.37,0.71,1.32
2015-09-28,0.4,0.71,1.28
2015-09-29,0.34,0.66,1.27
2015-09-30,0.3,0.65,1.29
2015-10-01,0.24,0.59,1.23
2015-10-02,0.14,0.51,1.18
2015-10-05,0.17,0.56,1.23
2015-10-06,0.12,0.53,1.2
2015-10-07,0.15,0.53,1.19
2015-10-08,0.14,0.54,1.23
2015-10-09,0.19,0.58,1.24
2015-10-12,,,
2015-10-13,0.18,0.54,1.22
2015-10-14,0.14,0.5,1.19
2015-10-15,0.16,0.54,1.22
2015-10-16,0.18,0.56,1.24
2015-10-19,0.22,0.59,1.27
2015-10-20,0.24,0.6,1.26
2015-10-21,0.24,0.59,1.24
2015-10-22,0.22,0.57,1.21
2015-10-23,0.24,0.58,1.19
2015-10-26,0.25,0.59,1.19
2015-10-27,0.23,0.57,1.18
2015-10-28,0.33,0.63,1.2
2015-10-29,0.34,0.67,1.24
2015-10-30,0.32,0.63,1.19
2015-11-02,0.34,0.65,1.2
2015-11-03,0.32,0.65,1.24
2015-11-04,0.38,0.68,1.24
2015-11-05,0.42,0.71,1.27
2015-11-06,0.48,0.75,1.31
2015-11-09,0.47,0.76,1.32
2015-11-10,0.47,0.77,1.32
2015-11-11,,,
2015-11-12,0.49,0.78,1.32
2015-11-13,0.46,0.76,1.31
2015-11-16,0.46,0.76,1.33
2015-11-17,0.43,0.72,1.28
2015-11-18,0.44,0.71,1.27
2015-11-19,0.41,0.68,1.23
2015-11-20,0.39,0.66,1.21
2015-11-23,0.37,0.64,1.2
2015-11-24,0.33,0.62,1.2
2015-11-25,0.35,0.62,1.2
2015-11-26,,,
2015-11-27,0.33,0.62,1.2
2015-11-30,0.35,0.62,1.19
2015-12-01,0.3,0.58,1.14
2015-12-02,0.36,0.62,1.16
2015-12-03,0.41,0.72,1.27
2015-12-04,0.41,0.68,1.21
2015-12-07,0.42,0.67,1.19
2015-12-08,0.43,0.68,1.2
2015-12-09,0.43,0.69,1.23
2015-12-10,0.48,0.73,1.26
2015-12-11,0.39,0.67,1.21
2015-12-14,0.49,0.78,1.32
2015-12-15,0.49,0.8,1.32
2015-12-16,0.55,0.84,1.34
2015-12-17,0.52,0.77,1.28
2015-12-18,0.46,0.73,1.26
2015-12-21,0.48,0.75,1.28
2015-12-22,0.52,0.78,1.3
2015-12-23,0.49,0.76,1.29
2015-12-24,0.5,0.73,1.26
2015-12-25,,,
2015-12-28,0.49,0.74,1.24
2015-12-29,0.53,0.79,1.31
2015-12-30,0.52,0.77,1.31
2015-12-31,0.45,0.73,1.28
2016-01-01,,,
2016-01-04,0.42,0.69,1.25
2016-01-05,0.42,0.69,1.27
2016-01-06,0.39,0.65,1.23
2016-01-07,0.36,0.66,1.27
2016-01-08,0.34,0.65,1.27
2016-01-11,0.39,0.72,1.33
2016-01-12,0.36,0.69,1.29
2016-01-13,0.33,0.65,1.26
2016-01-14,0.32,0.67,1.29
2016-01-15,0.34,0.67,1.27
2016-01-18,,,
2016-01-19,0.33,0.68,1.28
2016-01-20,0.34,0.69,1.29
2016-01-21,0.36,0.74,1.31
2016-01-22,0.34,0.72,1.29
2016-01-25,0.32,0.69,1.27
2016-01-26,0.28,0.65,1.25
2016-01-27,0.25,0.62,1.23
2016-01-28,0.2,0.58,1.21
2016-01-29,0.14,0.53,1.17
2016-02-01,0.18,0.57,1.19
2016-02-02,0.14,0.51,1.12
2016-02-03,0.11,0.5,1.1
2016-02-04,0.12,0.51,1.11
2016-02-05,0.18,0.53,1.13
2016-02-08,0.19,0.52,1.09
2016-02-09,0.22,0.53,1.1
2016-02-10,0.2,0.5,1.06
2016-02-11,0.17,0.45,1.03
2016-02-12,0.17,0.49,1.1
2016-02-15,,,
2016-02-16,0.2,0.53,1.16
2016-02-17,0.22,0.53,1.18
2016-02-18,0.19,0.51,1.13
2016-02-19,0.18,0.5,1.11
2016-02-22,0.14,0.46,1.08
2016-02-23,0.1,0.42,1.05
2016-02-24,0.06,0.39,1.04
2016-02-25,-0.02,0.32,1.0
2016-02-26,0.03,0.35,1.04
2016-02-29,-0.01,0.32,1.0
2016-03-01,0.02,0.35,1.04
2016-03-02,0.0,0.33,1.0
2016-03-03,-0.03,0.3,0.97
2016-03-04,0.02,0.37,1.02
2016-03-07,0.06,0.43,1.06
2016-03-08,0.01,0.37,1.01
2016-03-09,0.02,0.39,1.05
2016-03-10,0.1,0.45,1.06
2016-03-11,0.08,0.44,1.09
2016-03-14,0.11,0.45,1.09
2016-03-15,0.15,0.47,1.11
2016-03-16,-0.04,0.36,1.05
2016-03-17,-0.07,0.34,1.0
2016-03-18,-0.13,0.27,0.94
2016-03-21,-0.12,0.28,0.95
2016-03-22,-0.06,0.31,0.95
2016-03-23,-0.07,0.3,0.91
2016-03-24,-0.03,0.34,0.95
2016-03-25,,,
2016-03-28,-0.03,0.33,0.94
2016-03-29,-0.18,0.2,0.84
2016-03-30,-0.26,0.18,0.86
2016-03-31,-0.28,0.16,0.83
2016-04-01,-0.25,0.17,0.83
2016-04-04,-0.26,0.14,0.81
2016-04-05,-0.26,0.14,0.79
2016-04-06,-0.23,0.17,0.83
2016-04-07,-0.27,0.12,0.78
2016-04-08,-0.27,0.14,0.81
2016-04-11,-0.25,0.17,0.85
2016-04-12,-0.17,0.22,0.89
2016-04-13,-0.21,0.21,0.87
2016-04-14,-0.16,0.24,0.89
2016-04-15,-0.2,0.2,0.84
2016-04-18,-0.17,0.21,0.84
2016-04-19,-0.2,0.19,0.83
2016-04-20,-0.17,0.23,0.88
2016-04-21,-0.21,0.24,0.91
2016-04-22,-0.19,0.25,0.92
2016-04-25,-0.18,0.26,0.94
2016-04-26,-0.16,0.27,0.95
2016-04-27,-0.24,0.19,0.9
2016-04-28,-0.33,0.12,0.86
2016-04-29,-0.32,0.12,0.82
2016-05-02,-0.26,0.2,0.89
2016-05-03,-0.29,0.17,0.87
2016-05-04,-0.29,0.16,0.86
2016-05-05,-0.32,0.13,0.83
2016-05-06,-0.28,0.18,0.86
2016-05-09,-0.3,0.18,0.87
2016-05-10,-0.33,0.15,0.84
2016-05-11,-0.33,0.14,0.82
2016-05-12,-0.29,0.15,0.83
2016-05-13,-0.3,0.13,0.79
2016-05-16,-0.27,0.15,0.82
2016-05-17,-0.27,0.15,0.8
2016-05-18,-0.13,0.26,0.88
2016-05-19,-0.13,0.29,0.88
2016-05-20,-0.13,0.29,0.89
2016-05-23,-0.11,0.3,0.89
2016-05-24,-0.1,0.31,0.9
2016-05-25,-0.11,0.29,0.9
2016-05-26,-0.16,0.25,0.87
2016-05-27,-0.12,0.27,0.89
2016-05-30,,,
2016-05-31,-0.1,0.3,0.91
2016-06-01,-0.08,0.31,0.91
2016-06-02,-0.12,0.27,0.88
2016-06-03,-0.22,0.19,0.84
2016-06-06,-0.24,0.19,0.85
2016-06-07,-0.28,0.15,0.82
2016-06-08,-0.31,0.12,0.78
2016-06-09,-0.31,0.12,0.78
2016-06-10,-0.32,0.12,0.78
2016-06-13,-0.31,0.15,0.81
2016-06-14,-0.3,0.17,0.84
2016-06-15,-0.37,0.13,0.82
2016-06-16,-0.32,0.15,0.82
2016-06-17,-0.3,0.2,0.85
2016-06-20,-0.26,0.24,0.88
2016-06-21,-0.19,0.28,0.91
2016-06-22,-0.21,0.25,0.9
2016-06-23,-0.22,0.24,0.88
2016-06-24,-0.28,0.15,0.81
2016-06-27,-0.27,0.12,0.73
2016-06-28,-0.32,0.09,0.7
2016-06-29,-0.33,0.1,0.71
2016-06-30,-0.37,0.09,0.7
2016-07-01,-0.43,0.03,0.62
2016-07-04,,,
2016-07-05,-0.45,-0.03,0.56
2016-07-06,-0.46,-0.05,0.54
2016-07-07,-0.44,-0.03,0.56
2016-07-08,-0.44,-0.06,0.53
2016-07-11,-0.38,0.01,0.56
2016-07-12,-0.36,0.07,0.64
2016-07-13,-0.36,0.03,0.58
2016-07-14,-0.34,0.08,0.62
2016-07-15,-0.29,0.11,0.64
2016-07-18,-0.27,0.1,0.65
2016-07-19,-0.27,0.12,0.65
2016-07-20,-0.25,0.13,0.67
2016-07-21,-0.27,0.05,0.67
2016-07-22,-0.23,0.06,0.67
2016-07-25,-0.19,0.08,0.68
2016-07-26,-0.18,0.07,0.66
2016-07-27,-0.21,0.03,0.61
2016-07-28,-0.24,0.0,0.59
2016-07-29,-0.28,-0.03,0.56
2016-08-01,-0.21,0.05,0.63
2016-08-02,-0.18,0.11,0.7
2016-08-03,-0.21,0.09,0.68
2016-08-04,-0.27,0.04,0.62
2016-08-05,-0.2,0.09,0.64
2016-08-08,-0.19,0.08,0.63
2016-08-09,-0.19,0.06,0.6
2016-08-10,-0.2,0.06,0.59
2016-08-11,-0.16,0.1,0.61
2016-08-12,-0.19,0.07,0.58
2016-08-15,-0.16,0.1,0.62
2016-08-16,-0.12,0.13,0.65
2016-08-17,-0.16,0.09,0.63
2016-08-18,-0.2,0.06,0.61
2016-08-19,-0.17,0.1,0.63
2016-08-22,-0.19,0.08,0.59
2016-08-23,-0.19,0.07,0.58
2016-08-24,-0.19,0.08,0.59
2016-08-25,-0.17,0.09,0.61
2016-08-26,-0.08,0.15,0.64
2016-08-29,-0.11,0.11,0.58
2016-08-30,-0.1,0.11,0.59
2016-08-31,-0.08,0.11,0.58
2016-09-01,-0.06,0.12,0.57
2016-09-02,-0.08,0.13,0.6
2016-09-05,,,
2016-09-06,-0.16,0.06,0.54
2016-09-07,-0.18,0.03,0.52
2016-09-08,-0.15,0.09,0.59
2016-09-09,-0.09,0.17,0.67
2016-09-12,-0.12,0.17,0.67
2016-09-13,-0.05,0.24,0.74
2016-09-14,-0.09,0.21,0.72
2016-09-15,-0.11,0.22,0.76
2016-09-16,-0.13,0.19,0.73
2016-09-19,-0.13,0.2,0.75
2016-09-20,-0.13,0.2,0.75
2016-09-21,-0.17,0.15,0.69
2016-09-22,-0.22,0.08,0.62
2016-09-23,-0.26,0.05,0.58
2016-09-26,-0.27,0.05,0.6
2016-09-27,-0.26,0.04,0.58
2016-09-28,-0.31,0.01,0.57
2016-09-29,-0.32,0.02,0.58
2016-09-30,-0.31,0.0,0.59
2016-10-03,-0.29,0.0,0.58
2016-10-04,-0.23,0.07,0.66
2016-10-05,-0.22,0.1,0.69
2016-10-06,-0.21,0.11,0.68
2016-10-07,-0.24,0.1,0.68
2016-10-10,,,
2016-10-11,-0.21,0.13,0.71
2016-10-12,-0.2,0.15,0.73
2016-10-13,-0.23,0.12,0.71
2016-10-14,-0.25,0.13,0.74
2016-10-17,-0.29,0.09,0.68
2016-10-18,-0.3,0.09,0.68
2016-10-19,-0.32,0.08,0.68
2016-10-20,-0.3,0.08,0.68
2016-10-21,-0.31,0.07,0.66
2016-10-24,-0.26,0.11,0.69
2016-10-25,-0.28,0.07,0.65
2016-10-26,-0.28,0.08,0.65
2016-10-27,-0.24,0.13,0.72
2016-10-28,-0.27,0.13,0.74
2016-10-31,-0.28,0.11,0.7
2016-11-01,-0.29,0.11,0.69
2016-11-02,-0.29,0.11,0.7
2016-11-03,-0.26,0.14,0.75
2016-11-04,-0.28,0.11,0.72
2016-11-07,-0.27,0.12,0.71
2016-11-08,-0.23,0.15,0.73
2016-11-09,-0.18,0.25,0.83
2016-11-10,-0.14,0.27,0.87
2016-11-11,,,
2016-11-14,0.01,0.4,0.96
2016-11-15,0.01,0.41,0.95
2016-11-16,0.02,0.39,0.92
2016-11-17,0.02,0.42,0.96
2016-11-18,0.06,0.44,0.94
2016-11-21,0.05,0.42,0.92
2016-11-22,0.02,0.41,0.93
2016-11-23,0.09,0.44,0.93
2016-11-24,,,
2016-11-25,0.09,0.47,0.93
2016-11-28,0.11,0.47,0.95
2016-11-29,0.09,0.44,0.92
2016-11-30,0.06,0.43,0.91
2016-12-01,0.09,0.48,0.95
2016-12-02,0.08,0.49,0.98
2016-12-05,0.05,0.45,0.94
2016-12-06,0.04,0.44,0.94
2016-12-07,0.02,0.42,0.91
2016-12-08,0.0,0.45,0.98
2016-12-09,0.06,0.51,1.04
2016-12-12,0.04,0.51,1.04
2016-12-13,0.06,0.53,1.04
2016-12-14,0.2,0.6,1.07
2016-12-15,0.32,0.7,1.15
2016-12-16,0.32,0.74,1.2
2016-12-19,0.29,0.68,1.13
2016-12-20,0.26,0.67,1.14
2016-12-21,0.3,0.64,1.1
2016-12-22,0.18,0.6,1.06
2016-12-23,0.2,0.58,1.03
2016-12-26,,,
2016-12-27,0.19,0.58,1.04
2016-12-28,0.17,0.56,1.02
2016-12-29,0.15,0.55,1.02
2016-12-30,0.09,0.5,0.99
2017-01-02,,,
2017-01-03,0.08,0.47,0.94
2017-01-04,0.08,0.47,0.95
2017-01-05,0.03,0.42,0.89
2017-01-06,0.08,0.46,0.93
2017-01-09,0.04,0.43,0.91
2017-01-10,0.05,0.43,0.91
2017-01-11,0.04,0.39,0.88
2017-01-12,0.0,0.38,0.87
2017-01-13,0.05,0.41,0.89
2017-01-16,,,
2017-01-17,0.0,0.36,0.87
2017-01-18,0.07,0.42,0.92
2017-01-19,0.07,0.43,0.93
2017-01-20,0.03,0.44,0.94
2017-01-23,0.02,0.39,0.89
2017-01-24,0.01,0.41,0.93
2017-01-25,0.03,0.45,0.96
2017-01-26,0.01,0.43,0.94
2017-01-27,-0.02,0.41,0.91
2017-01-30,-0.01,0.42,0.94
2017-01-31,-0.04,0.4,0.93
2017-02-01,0.01,0.43,0.96
2017-02-02,-0.01,0.43,0.98
2017-02-03,0.02,0.44,1.01
2017-02-06,-0.05,0.4,0.98
2017-02-07,-0.02,0.4,0.96
2017-02-08,-0.01,0.38,0.91
2017-02-09,0.02,0.41,0.93
2017-02-10,0.02,0.4,0.9
2017-02-13,0.05,0.43,0.91
2017-02-14,0.11,0.46,0.94
2017-02-15,0.08,0.45,0.93
2017-02-16,0.05,0.43,0.95
2017-02-17,0.07,0.41,0.91
2017-02-20,,,
2017-02-21,0.06,0.4,0.92
2017-02-22,0.0,0.38,0.91
2017-02-23,-0.03,0.35,0.89
2017-02-24,-0.1,0.31,0.85
2017-02-27,0.01,0.35,0.88
2017-02-28,0.0,0.34,0.87
2017-03-01,0.15,0.43,0.94
2017-03-02,0.19,0.48,0.98
2017-03-03,0.1,0.45,0.96
2017-03-06,0.12,0.48,0.99
2017-03-07,0.13,0.49,1.01
2017-03-08,0.18,0.56,1.06
2017-03-09,0.24,0.6,1.09
2017-03-10,0.21,0.57,1.06
2017-03-13,0.28,0.61,1.09
2017-03-14,0.25,0.61,1.08
2017-03-15,0.18,0.5,1.0
2017-03-16,0.18,0.51,1.02
2017-03-17,0.14,0.49,1.01
2017-03-20,0.14,0.47,1.0
2017-03-21,0.16,0.45,0.99
2017-03-22,0.16,0.43,0.96
2017-03-23,0.2,0.46,0.96
2017-03-24,0.2,0.42,0.91
2017-03-27,0.18,0.41,0.9
2017-03-28,0.24,0.45,0.94
2017-03-29,0.13,0.41,0.91
2017-03-30,0.15,0.46,0.96
2017-03-31,0.16,0.43,0.94
2017-04-03,0.15,0.39,0.91
2017-04-04,0.11,0.4,0.92
2017-04-05,0.08,0.37,0.89
2017-04-06,0.16,0.39,0.9
2017-04-07,0.22,0.44,0.94
2017-04-10,0.22,0.44,0.94
2017-04-11,0.14,0.41,0.91
2017-04-12,0.12,0.38,0.89
2017-04-13,0.03,0.32,0.86
2017-04-14,,,
2017-04-17,0.1,0.38,0.9
2017-04-18,0.06,0.33,0.85
2017-04-19,0.08,0.36,0.9
2017-04-20,-0.04,0.39,0.92
2017-04-21,-0.02,0.4,0.93
2017-04-24,0.0,0.41,0.94
2017-04-25,0.02,0.44,0.96
2017-04-26,0.01,0.42,0.94
2017-04-27,0.0,0.39,0.92
2017-04-28,0.0,0.37,0.9
2017-05-01,0.04,0.41,0.96
2017-05-02,0.04,0.41,0.95
2017-05-03,0.1,0.46,0.98
2017-05-04,0.16,0.5,1.02
2017-05-05,0.14,0.5,1.01
2017-05-08,0.16,0.53,1.05
2017-05-09,0.2,0.56,1.06
2017-05-10,0.16,0.56,1.05
2017-05-11,0.11,0.51,1.02
2017-05-12,0.1,0.49,1.01
2017-05-15,0.12,0.52,1.05
2017-05-16,0.12,0.51,1.04
2017-05-17,0.06,0.44,0.97
2017-05-18,0.06,0.43,0.96
2017-05-19,0.04,0.41,0.92
2017-05-22,0.05,0.43,0.95
2017-05-23,0.07,0.46,0.96
2017-05-24,0.06,0.45,0.97
2017-05-25,0.08,0.45,0.97
2017-05-26,0.06,0.44,0.96
2017-05-29,,,
2017-05-30,0.03,0.4,0.93
2017-05-31,0.03,0.4,0.92
2017-06-01,0.03,0.4,0.92
2017-06-02,-0.01,0.36,0.87
2017-06-05,0.02,0.39,0.92
2017-06-06,0.0,0.37,0.91
2017-06-07,0.05,0.4,0.93
2017-06-08,0.06,0.41,0.95
2017-06-09,0.09,0.43,0.96
2017-06-12,0.11,0.46,0.98
2017-06-13,0.12,0.46,0.96
2017-06-14,0.15,0.44,0.93
2017-06-15,0.2,0.49,0.97
2017-06-16,0.19,0.49,0.97
2017-06-19,0.24,0.52,0.97
2017-06-20,0.23,0.5,0.93
2017-06-21,0.24,0.5,0.91
2017-06-22,0.19,0.46,0.88
2017-06-23,0.18,0.45,0.87
2017-06-26,0.16,0.43,0.86
2017-06-27,0.21,0.5,0.92
2017-06-28,0.16,0.49,0.92
2017-06-29,0.23,0.55,0.96
2017-06-30,0.26,0.58,0.99
2017-07-03,0.27,0.6,1.0
2017-07-04,,,
2017-07-05,0.27,0.58,0.98
2017-07-06,0.28,0.61,1.02
2017-07-07,0.32,0.66,1.06
2017-07-10,0.33,0.66,1.07
2017-07-11,0.31,0.62,1.05
2017-07-12,0.25,0.57,1.01
2017-07-13,0.25,0.58,1.03
2017-07-14,0.25,0.57,1.03
2017-07-17,0.22,0.54,1.0
2017-07-18,0.2,0.51,0.97
2017-07-19,0.18,0.51,0.96
2017-07-20,0.2,0.5,0.98
2017-07-21,0.19,0.48,0.96
2017-07-24,0.21,0.48,0.97
2017-07-25,0.23,0.52,1.03
2017-07-26,0.17,0.49,1.0
2017-07-27,0.16,0.49,1.02
2017-07-28,0.15,0.47,0.99
2017-07-31,0.17,0.48,1.0
2017-08-01,0.18,0.47,0.98
2017-08-02,0.19,0.48,0.98
2017-08-03,0.17,0.46,0.96
2017-08-04,0.17,0.47,0.97
2017-08-07,0.16,0.46,0.96
2017-08-08,0.15,0.46,0.96
2017-08-09,0.11,0.42,0.92
2017-08-10,0.1,0.4,0.89
2017-08-11,0.1,0.4,0.91
2017-08-14,0.18,0.45,0.94
2017-08-15,0.2,0.49,0.97
2017-08-16,0.17,0.45,0.94
2017-08-17,0.15,0.42,0.92
2017-08-18,0.16,0.43,0.93
2017-08-21,0.17,0.43,0.92
2017-08-22,0.19,0.45,0.93
2017-08-23,0.18,0.42,0.91
2017-08-24,0.18,0.44,0.92
2017-08-25,0.2,0.42,0.91
2017-08-28,0.18,0.41,0.92
2017-08-29,0.16,0.39,0.9
2017-08-30,0.15,0.39,0.91
2017-08-31,0.12,0.36,0.87
2017-09-01,0.1,0.37,0.9
2017-09-04,,,
2017-09-05,0.07,0.3,0.83
2017-09-06,0.09,0.32,0.85
2017-09-07,0.02,0.26,0.8
2017-09-08,0.01,0.25,0.79
2017-09-11,0.08,0.31,0.84
2017-09-12,0.08,0.33,0.85
2017-09-13,0.1,0.35,0.87
2017-09-14,0.09,0.35,0.85
2017-09-15,0.09,0.35,0.84
2017-09-18,0.09,0.36,0.86
2017-09-19,0.1,0.37,0.87
2017-09-20,0.18,0.43,0.9
2017-09-21,0.19,0.44,0.9
2017-09-22,0.17,0.42,0.88
2017-09-25,0.13,0.38,0.85
2017-09-26,0.15,0.4,0.87
2017-09-27,0.17,0.44,0.92
2017-09-28,0.16,0.44,0.92
2017-09-29,0.24,0.49,0.94
2017-10-02,0.21,0.51,0.95
2017-10-03,0.24,0.49,0.94
2017-10-04,0.19,0.48,0.94
2017-10-05,0.2,0.49,0.95
2017-10-06,0.19,0.5,0.97
2017-10-09,,,
2017-10-10,0.2,0.47,0.94
2017-10-11,0.2,0.46,0.93
2017-10-12,0.16,0.44,0.9
2017-10-13,0.2,0.43,0.89
2017-10-16,0.29,0.46,0.89
2017-10-17,0.28,0.48,0.89
2017-10-18,0.3,0.5,0.93
2017-10-19,0.32,0.49,0.91
2017-10-20,0.27,0.52,0.95
2017-10-23,0.32,0.52,0.95
2017-10-24,0.32,0.55,0.97
2017-10-25,0.32,0.56,0.99
2017-10-26,0.31,0.57,1.0
2017-10-27,0.27,0.54,0.97
2017-10-30,0.23,0.5,0.93
2017-10-31,0.22,0.5,0.92
2017-11-01,0.3,0.49,0.91
2017-11-02,0.21,0.48,0.89
2017-11-03,0.25,0.48,0.88
2017-11-06,0.22,0.46,0.87
2017-11-07,0.19,0.44,0.84
2017-11-08,0.24,0.45,0.84
2017-11-09,0.21,0.46,0.86
2017-11-10,0.28,0.52,0.92
2017-11-13,0.29,0.52,0.91
2017-11-14,0.27,0.51,0.89
2017-11-15,0.26,0.48,0.85
2017-11-16,0.28,0.53,0.87
2017-11-17,0.31,0.49,0.85
2017-11-20,0.35,0.52,0.85
2017-11-21,0.36,0.52,0.84
2017-11-22,0.3,0.48,0.82
2017-11-23,,,
2017-11-24,0.36,0.5,0.85
2017-11-27,0.37,0.49,0.84
2017-11-28,0.38,0.5,0.85
2017-11-29,0.4,0.53,0.88
2017-11-30,0.41,0.56,0.88
2017-12-01,0.41,0.51,0.81
2017-12-04,0.39,0.5,0.8
2017-12-05,0.46,0.5,0.78
2017-12-06,0.37,0.47,0.77
2017-12-07,0.4,0.5,0.81
2017-12-08,0.43,0.5,0.81
2017-12-11,0.4,0.51,0.82
2017-12-12,0.4,0.51,0.81
2017-12-13,0.38,0.48,0.79
2017-12-14,0.38,0.48,0.77
2017-12-15,0.39,0.47,0.75
2017-12-18,0.46,0.5,0.79
2017-12-19,0.49,0.55,0.84
2017-12-20,0.5,0.57,0.89
2017-12-21,0.42,0.55,0.85
2017-12-22,0.44,0.54,0.84
2017-12-25,,,
2017-12-26,0.49,0.53,0.83
2017-12-27,0.4,0.48,0.76
2017-12-28,0.37,0.47,0.75
2017-12-29,0.34,0.44,0.73
2018-01-01,,,
2018-01-02,0.35,0.46,0.77
2018-01-03,0.38,0.46,0.76
2018-01-04,0.35,0.45,0.75
2018-01-05,0.34,0.46,0.76
2018-01-08,0.38,0.47,0.77
2018-01-09,0.38,0.52,0.82
2018-01-10,0.38,0.52,0.82
2018-01-11,0.43,0.54,0.83
2018-01-12,0.43,0.54,0.81
2018-01-15,,,
2018-01-16,0.42,0.51,0.78
2018-01-17,0.49,0.53,0.79
2018-01-18,0.44,0.57,0.81
2018-01-19,0.45,0.58,0.81
2018-01-22,0.46,0.6,0.83
2018-01-23,0.51,0.57,0.81
2018-01-24,0.47,0.58,0.82
2018-01-25,0.5,0.56,0.79
2018-01-26,0.54,0.57,0.8
2018-01-29,0.57,0.61,0.81
2018-01-30,0.54,0.63,0.84
2018-01-31,0.54,0.61,0.8
2018-02-01,0.63,0.67,0.86
2018-02-02,0.65,0.7,0.9
2018-02-05,0.55,0.67,0.89
2018-02-06,0.64,0.69,0.91
2018-02-07,0.67,0.74,0.96
2018-02-08,0.68,0.76,0.99
2018-02-09,0.69,0.78,1.01
2018-02-12,0.72,0.79,1.01
2018-02-13,0.66,0.78,0.99
2018-02-14,0.74,0.82,1.02
2018-02-15,0.65,0.79,1.02
2018-02-16,0.63,0.78,1.01
2018-02-19,,,
2018-02-20,0.61,0.78,1.01
2018-02-21,0.63,0.82,1.06
2018-02-22,0.6,0.81,1.06
2018-02-23,0.58,0.76,1.03
2018-02-26,0.53,0.73,1.01
2018-02-27,0.58,0.77,1.02
2018-02-28,0.61,0.75,0.99
2018-03-01,0.55,0.71,0.96
2018-03-02,0.6,0.74,0.98
2018-03-05,0.6,0.75,1.01
2018-03-06,0.55,0.76,1.01
2018-03-07,0.55,0.76,1.03
2018-03-08,0.55,0.75,1.0
2018-03-09,0.69,0.78,1.03
2018-03-12,0.62,0.77,1.01
2018-03-13,0.57,0.75,1.0
2018-03-14,0.57,0.74,0.97
2018-03-15,0.55,0.74,0.97
2018-03-16,0.6,0.77,1.0
2018-03-19,0.61,0.77,1.0
2018-03-20,0.64,0.81,1.03
2018-03-21,0.73,0.8,1.03
2018-03-22,0.6,0.75,0.97
2018-03-23,0.6,0.75,0.98
2018-03-26,0.63,0.77,0.99
2018-03-27,0.64,0.71,0.95
2018-03-28,0.68,0.72,0.94
2018-03-29,0.64,0.69,0.9
2018-03-30,,,
2018-04-02,0.56,0.68,0.9
2018-04-03,0.61,0.71,0.92
2018-04-04,0.57,0.71,0.93
2018-04-05,0.71,0.75,0.97
2018-04-06,0.57,0.7,0.92
2018-04-09,0.58,0.71,0.92
2018-04-10,0.62,0.72,0.92
2018-04-11,0.56,0.68,0.88
2018-04-12,0.62,0.7,0.9
2018-04-13,0.66,0.69,0.88
2018-04-16,0.61,0.71,0.89
2018-04-17,0.67,0.68,0.85
2018-04-18,0.69,0.71,0.89
2018-04-19,0.65,0.75,0.92
2018-04-20,0.7,0.79,0.96
2018-04-23,0.72,0.8,0.97
2018-04-24,0.73,0.83,1.01
2018-04-25,0.75,0.86,1.03
2018-04-26,0.72,0.82,0.99
2018-04-27,0.71,0.79,0.93
2018-04-30,0.69,0.78,0.91
2018-05-01,0.73,0.81,0.94
2018-05-02,0.71,0.8,0.95
2018-05-03,0.69,0.78,0.94
2018-05-04,0.69,0.79,0.94
2018-05-07,0.67,0.78,0.94
2018-05-08,0.71,0.81,0.96
2018-05-09,0.71,0.82,0.97
2018-05-10,0.71,0.8,0.94
2018-05-11,0.71,0.82,0.94
2018-05-14,0.73,0.85,0.97
2018-05-15,0.77,0.9,1.02
2018-05-16,0.78,0.92,1.02
2018-05-17,0.78,0.95,1.07
2018-05-18,0.76,0.91,1.04
2018-05-21,0.75,0.9,1.03
2018-05-22,0.77,0.91,1.04
2018-05-23,0.71,0.87,1.02
2018-05-24,0.71,0.86,1.0
2018-05-25,0.72,0.84,0.99
2018-05-28,,,
2018-05-29,0.6,0.73,0.89
2018-05-30,0.67,0.78,0.93
2018-05-31,0.65,0.76,0.91
2018-06-01,0.68,0.8,0.94
2018-06-04,0.72,0.82,0.96
2018-06-05,0.71,0.79,0.94
2018-06-06,0.75,0.83,0.97
2018-06-07,0.69,0.8,0.94
2018-06-08,0.71,0.82,0.96
2018-06-11,0.72,0.83,0.97
2018-06-12,0.74,0.83,0.96
2018-06-13,0.76,0.86,0.98
2018-06-14,0.74,0.82,0.94
2018-06-15,0.73,0.81,0.93
2018-06-18,0.72,0.8,0.93
2018-06-19,0.7,0.77,0.91
2018-06-20,0.74,0.81,0.95
2018-06-21,0.72,0.79,0.94
2018-06-22,0.7,0.78,0.92
2018-06-25,0.69,0.77,0.91
2018-06-26,0.68,0.76,0.9
2018-06-27,0.64,0.72,0.86
2018-06-28,0.66,0.74,0.87
2018-06-29,0.67,0.74,0.87
2018-07-02,0.68,0.73,0.85
2018-07-03,0.64,0.71,0.83
2018-07-04,,,
2018-07-05,0.64,0.71,0.82
2018-07-06,0.63,0.7,0.81
2018-07-09,0.65,0.73,0.84
2018-07-10,0.68,0.74,0.85
2018-07-11,0.67,0.74,0.83
2018-07-12,0.69,0.75,0.84
2018-07-13,0.66,0.72,0.82
2018-07-16,0.7,0.75,0.84
2018-07-17,0.73,0.77,0.86
2018-07-18,0.74,0.79,0.89
2018-07-19,0.73,0.75,0.87
2018-07-20,0.75,0.78,0.92
2018-07-23,0.82,0.85,0.98
2018-07-24,0.83,0.84,0.96
2018-07-25,0.81,0.81,0.94
2018-07-26,0.86,0.87,0.97
2018-07-27,0.84,0.84,0.95
2018-07-30,0.84,0.85,0.96
2018-07-31,0.85,0.84,0.94
2018-08-01,0.87,0.87,0.97
2018-08-02,0.86,0.86,0.97
2018-08-03,0.82,0.83,0.95
2018-08-06,0.82,0.83,0.96
2018-08-07,0.84,0.85,0.99
2018-08-08,0.85,0.85,0.98
2018-08-09,0.83,0.82,0.95
2018-08-10,0.77,0.78,0.92
2018-08-13,0.76,0.78,0.93
2018-08-14,0.78,0.8,0.95
2018-08-15,0.76,0.78,0.93
2018-08-16,0.78,0.79,0.92
2018-08-17,0.79,0.79,0.92
2018-08-20,0.75,0.75,0.89
2018-08-21,0.76,0.77,0.9
2018-08-22,0.74,0.74,0.89
2018-08-23,0.73,0.73,0.87
2018-08-24,0.73,0.73,0.86
2018-08-27,0.74,0.74,0.88
2018-08-28,0.78,0.77,0.91
2018-08-29,0.78,0.77,0.9
2018-08-30,0.76,0.76,0.88
2018-08-31,0.76,0.78,0.91
2018-09-03,,,
2018-09-04,0.79,0.8,0.94
2018-09-05,0.79,0.81,0.95
2018-09-06,0.79,0.8,0.94
2018-09-07,0.84,0.84,0.97
2018-09-10,0.85,0.84,0.96
2018-09-11,0.86,0.86,0.99
2018-09-12,0.85,0.85,0.97
2018-09-13,0.89,0.87,0.98
2018-09-14,0.9,0.89,1.0
2018-09-17,0.9,0.89,1.01
2018-09-18,0.93,0.92,1.05
2018-09-19,0.94,0.93,1.06
2018-09-20,0.94,0.92,1.04
2018-09-21,0.93,0.92,1.03
2018-09-24,0.93,0.92,1.04
2018-09-25,0.94,0.94,1.05
2018-09-26,0.92,0.92,1.03
2018-09-27,0.92,0.91,1.03
2018-09-28,0.91,0.91,1.04
2018-10-01,0.92,0.95,1.09
2018-10-02,0.91,0.93,1.07
2018-10-03,0.95,0.99,1.13
2018-10-04,0.99,1.03,1.18
2018-10-05,1.02,1.07,1.23
2018-10-08,,,
2018-10-09,1.0,1.04,1.19
2018-10-10,1.01,1.06,1.23
2018-10-11,1.01,1.02,1.18
2018-10-12,1.01,1.03,1.18
2018-10-15,1.01,1.03,1.19
2018-10-16,1.01,1.03,1.19
2018-10-17,1.04,1.06,1.21
2018-10-18,1.04,1.07,1.24
2018-10-19,1.07,1.09,1.26
2018-10-22,1.07,1.09,1.26
2018-10-23,1.07,1.08,1.26
2018-10-24,1.01,1.03,1.24
2018-10-25,1.07,1.09,1.28
2018-10-26,0.98,1.02,1.23
2018-10-29,0.99,1.02,1.25
2018-10-30,1.03,1.07,1.28
2018-10-31,1.08,1.1,1.31
2018-11-01,1.08,1.12,1.32
2018-11-02,1.13,1.16,1.37
2018-11-05,1.12,1.14,1.33
2018-11-06,1.13,1.15,1.32
2018-11-07,1.14,1.15,1.32
2018-11-08,1.17,1.17,1.32
2018-11-09,1.15,1.15,1.31
2018-11-12,,,
2018-11-13,1.11,1.12,1.29
2018-11-14,1.1,1.12,1.3
2018-11-15,1.09,1.11,1.3
2018-11-16,1.02,1.06,1.25
2018-11-19,1.02,1.07,1.26
2018-11-20,1.06,1.09,1.28
2018-11-21,1.08,1.09,1.28
2018-11-22,,,
2018-11-23,1.11,1.09,1.29
2018-11-26,1.12,1.11,1.3
2018-11-27,1.16,1.15,1.34
2018-11-28,1.13,1.12,1.34
2018-11-29,1.06,1.05,1.28
2018-11-30,1.07,1.04,1.26
2018-12-03,1.07,1.02,1.23
2018-12-04,1.05,0.97,1.16
2018-12-05,,,
2018-12-06,1.06,0.97,1.15
2018-12-07,1.02,0.96,1.17
2018-12-10,1.06,0.99,1.19
2018-12-11,1.13,1.06,1.22
2018-12-12,1.15,1.08,1.24
2018-12-13,1.13,1.08,1.25
2018-12-14,1.13,1.07,1.23
2018-12-17,1.11,1.05,1.22
2018-12-18,1.07,1.01,1.17
2018-12-19,1.06,0.97,1.11
2018-12-20,1.12,1.03,1.16
2018-12-21,1.09,1.02,1.17
2018-12-24,1.06,0.99,1.15
2018-12-25,,,
2018-12-26,1.1,1.04,1.21
2018-12-27,1.07,1.03,1.22
2018-12-28,1.04,0.99,1.21
2018-12-31,1.0,0.98,1.21
2019-01-01,,,
2019-01-02,1.0,0.96,1.19
2019-01-03,0.88,0.88,1.14
2019-01-04,0.91,0.91,1.17
2019-01-07,0.92,0.92,1.18
2019-01-08,0.92,0.91,1.15
2019-01-09,0.89,0.91,1.16
2019-01-10,0.91,0.93,1.2
2019-01-11,0.86,0.88,1.18
2019-01-14,0.89,0.9,1.2
2019-01-15,0.9,0.91,1.21
2019-01-16,0.9,0.91,1.2
2019-01-17,0.94,0.96,1.21
2019-01-18,0.95,0.96,1.21
2019-01-21,,,
2019-01-22,0.94,0.95,1.2
2019-01-23,0.95,0.96,1.21
2019-01-24,0.93,0.95,1.2
2019-01-25,0.95,0.97,1.22
2019-01-28,0.96,0.97,1.23
2019-01-29,0.93,0.94,1.2
2019-01-30,0.81,0.86,1.17
2019-01-31,0.73,0.78,1.08
2019-02-01,0.79,0.82,1.11
2019-02-04,0.81,0.86,1.14
2019-02-05,0.79,0.84,1.11
2019-02-06,0.79,0.84,1.13
2019-02-07,0.77,0.81,1.11
2019-02-08,0.75,0.81,1.1
2019-02-11,0.78,0.83,1.13
2019-02-12,0.78,0.85,1.14
2019-02-13,0.77,0.85,1.14
2019-02-14,0.74,0.81,1.12
2019-02-15,0.74,0.8,1.1
2019-02-18,,,
2019-02-19,0.71,0.78,1.08
2019-02-20,0.68,0.76,1.07
2019-02-21,0.71,0.78,1.1
2019-02-22,0.65,0.74,1.06
2019-02-25,0.66,0.75,1.06
2019-02-26,0.63,0.72,1.05
2019-02-27,0.65,0.76,1.1
2019-02-28,0.68,0.78,1.11
2019-03-01,0.71,0.8,1.13
2019-03-04,0.69,0.78,1.11
2019-03-05,0.7,0.79,1.11
2019-03-06,0.68,0.78,1.11
2019-03-07,0.64,0.74,1.08
2019-03-08,0.62,0.72,1.06
2019-03-11,0.62,0.73,1.09
2019-03-12,0.6,0.71,1.06
2019-03-13,0.58,0.69,1.05
2019-03-14,0.58,0.69,1.06
2019-03-15,0.54,0.65,1.03
2019-03-18,0.54,0.64,1.02
2019-03-19,0.57,0.66,1.03
2019-03-20,0.46,0.58,0.97
2019-03-21,0.48,0.58,0.96
2019-03-22,0.44,0.54,0.91
2019-03-25,0.44,0.55,0.93
2019-03-26,0.43,0.55,0.94
2019-03-27,0.44,0.55,0.94
2019-03-28,0.48,0.56,0.93
2019-03-29,0.45,0.53,0.89
2019-04-01,0.49,0.59,0.95
2019-04-02,0.47,0.58,0.94
2019-04-03,0.51,0.61,0.99
2019-04-04,0.51,0.61,0.99
2019-04-05,0.52,0.6,0.97
2019-04-08,0.52,0.61,0.98
2019-04-09,0.51,0.6,0.98
2019-04-10,0.45,0.54,0.94
2019-04-11,0.49,0.57,0.98
2019-04-12,0.52,0.61,0.99
2019-04-15,0.52,0.61,0.99
2019-04-16,0.55,0.64,1.01
2019-04-17,0.56,0.65,1.02
2019-04-18,0.52,0.62,0.98
2019-04-19,,,
2019-04-22,0.52,0.64,1.01
2019-04-23,0.49,0.62,0.99
2019-04-24,0.45,0.57,0.95
2019-04-25,0.47,0.56,0.93
2019-04-26,0.43,0.54,0.92
2019-04-29,0.46,0.58,0.96
2019-04-30,0.43,0.56,0.94
2019-05-01,0.48,0.59,0.95
2019-05-02,0.56,0.66,1.0
2019-05-03,0.53,0.63,0.97
2019-05-06,0.49,0.6,0.96
2019-05-07,0.49,0.58,0.94
2019-05-08,0.53,0.62,0.99
2019-05-09,0.52,0.6,0.96
2019-05-10,0.51,0.59,0.95
2019-05-13,0.45,0.55,0.92
2019-05-14,0.45,0.56,0.93
2019-05-15,0.41,0.54,0.92
2019-05-16,0.43,0.56,0.94
2019-05-17,0.46,0.58,0.94
2019-05-20,0.5,0.6,0.95
2019-05-21,0.51,0.6,0.94
2019-05-22,0.51,0.6,0.94
2019-05-23,0.49,0.58,0.91
2019-05-24,0.5,0.56,0.89
2019-05-27,,,
2019-05-28,0.48,0.53,0.87
2019-05-29,0.46,0.5,0.84
2019-05-30,0.44,0.48,0.81
2019-05-31,0.35,0.4,0.74
2019-06-03,0.27,0.34,0.72
2019-06-04,0.3,0.38,0.77
2019-06-05,0.27,0.37,0.78
2019-06-06,0.3,0.39,0.8
2019-06-07,0.24,0.35,0.76
2019-06-10,0.31,0.42,0.82
2019-06-11,0.35,0.43,0.82
2019-06-12,0.35,0.42,0.83
2019-06-13,0.33,0.42,0.84
2019-06-14,0.37,0.46,0.87
2019-06-17,0.4,0.48,0.87
2019-06-18,0.34,0.42,0.82
2019-06-19,0.24,0.36,0.77
2019-06-20,0.16,0.27,0.72
2019-06-21,0.2,0.34,0.79
2019-06-24,0.18,0.31,0.76
2019-06-25,0.21,0.33,0.78
2019-06-26,0.24,0.35,0.79
2019-06-27,0.23,0.33,0.77
2019-06-28,0.23,0.31,0.78
2019-07-01,0.26,0.34,0.81
2019-07-02,0.25,0.33,0.79
2019-07-03,0.23,0.31,0.76
2019-07-04,,,
2019-07-05,0.29,0.35,0.78
2019-07-08,0.31,0.35,0.76
2019-07-09,0.32,0.36,0.75
2019-07-10,0.23,0.33,0.76
2019-07-11,0.25,0.36,0.81
2019-07-12,0.24,0.35,0.8
2019-07-15,0.23,0.32,0.77
2019-07-16,0.25,0.33,0.78
2019-07-17,0.23,0.31,0.75
2019-07-18,0.18,0.25,0.74
2019-07-19,0.2,0.25,0.75
2019-07-22,0.21,0.26,0.75
2019-07-23,0.22,0.27,0.76
2019-07-24,0.23,0.26,0.75
2019-07-25,0.25,0.28,0.76
2019-07-26,0.28,0.3,0.78
2019-07-29,0.27,0.29,0.78
2019-07-30,0.26,0.28,0.77
2019-07-31,0.28,0.26,0.72
2019-08-01,0.21,0.2,0.71
2019-08-02,0.21,0.2,0.69
2019-08-05,0.16,0.15,0.65
2019-08-06,0.13,0.11,0.6
2019-08-07,0.14,0.09,0.56
2019-08-08,0.11,0.07,0.54
2019-08-09,0.13,0.08,0.55
2019-08-12,0.1,0.04,0.47
2019-08-13,0.13,0.05,0.49
2019-08-14,0.15,0.02,0.44
2019-08-15,0.08,-0.02,0.41
2019-08-16,0.08,0.01,0.44
2019-08-19,0.11,0.04,0.49
2019-08-20,0.08,0.02,0.48
2019-08-21,0.13,0.05,0.5
2019-08-22,0.15,0.07,0.51
2019-08-23,0.05,-0.02,0.42
2019-08-26,0.09,0.0,0.44
2019-08-27,0.04,-0.06,0.36
2019-08-28,0.01,-0.08,0.32
2019-08-29,0.01,-0.09,0.31
2019-08-30,0.04,-0.05,0.35
2019-09-02,,,
2019-09-03,0.06,-0.03,0.37
2019-09-04,0.01,-0.04,0.39
2019-09-05,0.08,0.01,0.43
2019-09-06,0.07,0.01,0.41
2019-09-09,0.11,0.06,0.47
2019-09-10,0.18,0.12,0.54
2019-09-11,0.2,0.15,0.56
2019-09-12,0.22,0.16,0.58
2019-09-13,0.29,0.23,0.65
2019-09-16,0.21,0.17,0.59
2019-09-17,0.2,0.15,0.56
2019-09-18,0.28,0.21,0.59
2019-09-19,0.25,0.18,0.57
2019-09-20,0.19,0.13,0.5
2019-09-23,0.17,0.11,0.49
2019-09-24,0.13,0.06,0.45
2019-09-25,0.19,0.13,0.52
2019-09-26,0.19,0.13,0.51
2019-09-27,0.2,0.16,0.53
2019-09-30,0.2,0.15,0.53
2019-10-01,0.18,0.13,0.52
2019-10-02,0.14,0.1,0.51
2019-10-03,0.09,0.06,0.48
2019-10-04,0.07,0.02,0.43
2019-10-07,0.11,0.05,0.46
2019-10-08,0.11,0.06,0.48
2019-10-09,0.16,0.1,0.52
2019-10-10,0.19,0.15,0.57
2019-10-11,0.25,0.2,0.59
2019-10-14,,,
2019-10-15,0.26,0.21,0.59
2019-10-16,0.22,0.18,0.6
2019-10-17,0.05,0.17,0.59
2019-10-18,0.04,0.16,0.58
2019-10-21,0.08,0.19,0.6
2019-10-22,0.07,0.17,0.58
2019-10-23,0.06,0.16,0.56
2019-10-24,0.06,0.15,0.56
2019-10-25,0.07,0.15,0.56
2019-10-28,0.13,0.21,0.61
2019-10-29,0.15,0.23,0.64
2019-10-30,0.14,0.21,0.6
2019-10-31,0.07,0.15,0.55
2019-11-01,0.05,0.14,0.54
2019-11-04,0.04,0.15,0.56
2019-11-05,0.08,0.18,0.58
2019-11-06,0.06,0.15,0.54
2019-11-07,0.13,0.23,0.61
2019-11-08,0.11,0.23,0.63
2019-11-11,,,
2019-11-12,0.13,0.22,0.61
2019-11-13,0.11,0.22,0.6
2019-11-14,0.09,0.2,0.58
2019-11-15,0.13,0.21,0.59
2019-11-18,0.09,0.18,0.57
2019-11-19,0.1,0.16,0.53
2019-11-20,0.07,0.13,0.49
2019-11-21,0.09,0.14,0.51
2019-11-22,0.09,0.15,0.49
2019-11-25,0.09,0.14,0.47
2019-11-26,0.06,0.12,0.44
2019-11-27,0.09,0.14,0.47
2019-11-28,,,
2019-11-29,0.12,0.17,0.5
2019-12-02,0.11,0.18,0.54
2019-12-03,0.03,0.09,0.44
2019-12-04,0.06,0.11,0.47
2019-12-05,0.07,0.13,0.49
2019-12-06,0.08,0.15,0.51
2019-12-09,0.08,0.14,0.51
2019-12-10,0.09,0.14,0.5
2019-12-11,0.04,0.1,0.47
2019-12-12,0.11,0.18,0.53
2019-12-13,0.04,0.12,0.5
2019-12-16,0.08,0.16,0.52
2019-12-17,0.06,0.14,0.52
2019-12-18,0.06,0.16,0.54
2019-12-19,0.05,0.15,0.52
2019-12-20,0.06,0.15,0.52
2019-12-23,0.08,0.18,0.55
2019-12-24,0.05,0.15,0.53
2019-12-25,,,
2019-12-26,0.06,0.16,0.54
2019-12-27,0.04,0.15,0.54
2019-12-30,0.02,0.15,0.55
2019-12-31,0.01,0.15,0.58
2020-01-01,,,
2020-01-02,-0.05,0.08,0.5
2020-01-03,-0.1,0.03,0.45
2020-01-06,-0.08,0.06,0.48
2020-01-07,-0.05,0.09,0.52
2020-01-08,-0.01,0.12,0.54
2020-01-09,-0.02,0.11,0.52
2020-01-10,-0.04,0.07,0.47
2020-01-13,-0.05,0.08,0.48
2020-01-14,-0.07,0.05,0.46
2020-01-15,-0.07,0.04,0.44
2020-01-16,-0.05,0.07,0.46
2020-01-17,-0.05,0.09,0.49
2020-01-20,,,
2020-01-21,-0.09,0.04,0.44
2020-01-22,-0.07,0.05,0.44
2020-01-23,-0.09,0.04,0.41
2020-01-24,-0.11,0.02,0.38
2020-01-27,-0.12,-0.02,0.33
2020-01-28,-0.12,0.0,0.36
2020-01-29,-0.17,-0.04,0.32
2020-01-30,-0.2,-0.07,0.3
2020-01-31,-0.28,-0.14,0.26
2020-02-03,-0.21,-0.09,0.3
2020-02-04,-0.16,-0.03,0.36
2020-02-05,-0.15,0.0,0.4
2020-02-06,-0.16,-0.02,0.36
2020-02-07,-0.2,-0.07,0.31
2020-02-10,-0.24,-0.1,0.3
2020-02-11,-0.2,-0.06,0.34
2020-02-12,-0.19,-0.04,0.36
2020-02-13,-0.22,-0.06,0.33
2020-02-14,-0.22,-0.07,0.32
2020-02-17,,,
2020-02-18,-0.25,-0.1,0.28
2020-02-19,-0.24,-0.09,0.29
2020-02-20,-0.26,-0.11,0.26
2020-02-21,-0.3,-0.15,0.22
2020-02-24,-0.36,-0.21,0.19
2020-02-25,-0.36,-0.2,0.19
2020-02-26,-0.36,-0.21,0.2
2020-02-27,-0.37,-0.23,0.19
2020-02-28,-0.44,-0.28,0.24
2020-03-02,-0.44,-0.31,0.11
2020-03-03,-0.57,-0.43,0.05
2020-03-04,-0.59,-0.44,0.04
2020-03-05,-0.61,-0.48,-0.01
2020-03-06,-0.56,-0.57,-0.22
2020-03-09,-0.34,-0.45,-0.2
2020-03-10,-0.14,-0.24,0.06
2020-03-11,-0.03,-0.14,0.13
2020-03-12,0.03,-0.04,0.3
2020-03-13,0.17,0.04,0.39
2020-03-16,0.19,0.0,0.31
2020-03-17,0.5,0.39,0.67
2020-03-18,0.63,0.55,0.75
2020-03-19,0.52,0.62,0.78
2020-03-20,0.21,0.17,0.34
2020-03-23,0.01,-0.04,-0.01
2020-03-24,-0.03,-0.13,-0.07
2020-03-25,-0.13,-0.19,0.0
2020-03-26,-0.21,-0.24,-0.05
2020-03-27,-0.13,-0.22,-0.03
2020-03-30,-0.18,-0.25,0.04
2020-03-31,-0.12,-0.17,0.16
2020-04-01,-0.19,-0.29,0.07
2020-04-02,-0.34,-0.4,-0.03
2020-04-03,-0.39,-0.46,-0.08
2020-04-06,-0.41,-0.47,-0.09
2020-04-07,-0.38,-0.42,-0.06
2020-04-08,-0.4,-0.42,-0.04
2020-04-09,-0.49,-0.5,-0.12
2020-04-10,,,
2020-04-13,-0.5,-0.5,-0.13
2020-04-14,-0.52,-0.53,-0.14
2020-04-15,-0.53,-0.56,-0.19
2020-04-16,-0.35,-0.42,-0.09
2020-04-17,-0.31,-0.36,-0.02
2020-04-20,-0.21,-0.31,-0.04
2020-04-21,-0.24,-0.38,-0.14
2020-04-22,-0.32,-0.43,-0.17
2020-04-23,-0.3,-0.44,-0.2
2020-04-24,-0.36,-0.51,-0.26
2020-04-27,-0.37,-0.5,-0.24
2020-04-28,-0.39,-0.52,-0.26
2020-04-29,-0.42,-0.51,-0.22
2020-04-30,-0.36,-0.43,-0.12
2020-05-01,-0.32,-0.42,-0.12
2020-05-04,-0.33,-0.43,-0.12
2020-05-05,-0.35,-0.44,-0.12
2020-05-06,-0.34,-0.38,-0.04
2020-05-07,-0.41,-0.45,-0.11
2020-05-08,-0.41,-0.43,-0.07
2020-05-11,-0.39,-0.4,-0.05
2020-05-12,-0.38,-0.4,-0.05
2020-05-13,-0.4,-0.43,-0.08
2020-05-14,-0.4,-0.43,-0.09
2020-05-15,-0.44,-0.45,-0.11
2020-05-18,-0.46,-0.44,-0.07
2020-05-19,-0.47,-0.45,-0.06
2020-05-20,-0.49,-0.48,-0.1
2020-05-21,-0.46,-0.46,-0.08
2020-05-22,-0.46,-0.46,-0.08
2020-05-25,,,
2020-05-26,-0.47,-0.44,-0.03
2020-05-27,-0.48,-0.46,-0.03
2020-05-28,-0.52,-0.48,-0.05
2020-05-29,-0.53,-0.5,-0.07
2020-06-01,-0.53,-0.52,-0.06
2020-06-02,-0.52,-0.5,-0.03
2020-06-03,-0.5,-0.44,0.02
2020-06-04,-0.48,-0.4,0.06
2020-06-05,-0.48,-0.36,0.1
2020-06-08,-0.53,-0.4,0.08
2020-06-09,-0.58,-0.42,0.05
2020-06-10,-0.67,-0.52,-0.03
2020-06-11,-0.63,-0.55,-0.1
2020-06-12,-0.62,-0.5,-0.04
2020-06-15,-0.65,-0.52,-0.05
2020-06-16,-0.68,-0.52,-0.01
2020-06-17,-0.67,-0.52,-0.01
2020-06-18,-0.78,-0.57,-0.07
2020-06-19,-0.73,-0.6,-0.09
2020-06-22,-0.77,-0.63,-0.12
2020-06-23,-0.81,-0.66,-0.14
2020-06-24,-0.77,-0.64,-0.14
2020-06-25,-0.79,-0.65,-0.16
2020-06-26,-0.81,-0.68,-0.2
2020-06-29,-0.86,-0.7,-0.18
2020-06-30,-0.87,-0.68,-0.15
2020-07-01,-0.86,-0.68,-0.15
2020-07-02,-0.92,-0.73,-0.18
2020-07-03,,,
2020-07-06,-0.97,-0.76,-0.2
2020-07-07,-0.97,-0.78,-0.23
2020-07-08,-0.95,-0.75,-0.19
2020-07-09,-0.94,-0.77,-0.24
2020-07-10,-0.95,-0.76,-0.22
2020-07-13,-0.97,-0.78,-0.24
2020-07-14,-0.99,-0.78,-0.25
2020-07-15,-1.0,-0.77,-0.24
2020-07-16,-1.02,-0.79,-0.27
2020-07-17,-1.06,-0.82,-0.28
2020-07-20,-1.08,-0.84,-0.3
2020-07-21,-1.13,-0.87,-0.32
2020-07-22,-1.13,-0.88,-0.32
2020-07-23,-1.1,-0.9,-0.34
2020-07-24,-1.08,-0.92,-0.37
2020-07-27,-1.08,-0.9,-0.36
2020-07-28,-1.1,-0.92,-0.39
2020-07-29,-1.13,-0.95,-0.4
2020-07-30,-1.14,-0.97,-0.42
2020-07-31,-1.19,-1.0,-0.45
2020-08-03,-1.24,-1.02,-0.44
2020-08-04,-1.26,-1.05,-0.46
2020-08-05,-1.3,-1.06,-0.45
2020-08-06,-1.32,-1.08,-0.45
2020-08-07,-1.27,-1.04,-0.41
2020-08-10,-1.25,-1.02,-0.41
2020-08-11,-1.23,-0.99,-0.37
2020-08-12,-1.26,-0.98,-0.35
2020-08-13,-1.24,-0.96,-0.3
2020-08-14,-1.24,-0.94,-0.26
2020-08-17,-1.25,-0.97,-0.28
2020-08-18,-1.28,-1.01,-0.35
2020-08-19,-1.26,-0.99,-0.33
2020-08-20,-1.22,-0.97,-0.26
2020-08-21,-1.25,-1.0,-0.34
2020-08-24,-1.29,-1.02,-0.36
2020-08-25,-1.3,-1.01,-0.34
2020-08-26,-1.35,-1.03,-0.35
2020-08-27,-1.34,-0.99,-0.26
2020-08-28,-1.4,-1.03,-0.28
2020-08-31,-1.41,-1.08,-0.35
2020-09-01,-1.39,-1.08,-0.39
2020-09-02,-1.35,-1.07,-0.4
2020-09-03,-1.29,-1.02,-0.39
2020-09-04,-1.27,-0.98,-0.33
2020-09-07,,,
2020-09-08,-1.27,-0.99,-0.35
2020-09-09,-1.29,-1.0,-0.34
2020-09-10,-1.28,-1.01,-0.36
2020-09-11,-1.27,-0.98,-0.33
2020-09-14,-1.27,-0.97,-0.32
2020-09-15,-1.27,-0.99,-0.34
2020-09-16,-1.29,-0.99,-0.32
2020-09-17,-1.29,-0.97,-0.32
2020-09-18,-1.29,-0.97,-0.31
2020-09-21,-1.23,-0.94,-0.3
2020-09-22,-1.23,-0.94,-0.3
2020-09-23,-1.2,-0.92,-0.31
2020-09-24,-1.18,-0.91,-0.33
2020-09-25,-1.17,-0.92,-0.34
2020-09-28,-1.22,-0.94,-0.34
2020-09-29,-1.25,-0.98,-0.36
2020-09-30,-1.22,-0.94,-0.32
2020-10-01,-1.21,-0.95,-0.34
2020-10-02,-1.2,-0.94,-0.33
2020-10-05,-1.19,-0.9,-0.27
2020-10-06,-1.19,-0.9,-0.26
2020-10-07,-1.19,-0.9,-0.24
2020-10-08,-1.23,-0.94,-0.29
2020-10-09,-1.22,-0.94,-0.29
2020-10-12,,,
2020-10-13,-1.21,-0.96,-0.33
2020-10-14,-1.22,-0.96,-0.33
2020-10-15,-1.2,-0.95,-0.33
2020-10-16,-1.21,-0.95,-0.33
2020-10-19,-1.19,-0.93,-0.3
2020-10-20,-1.19,-0.91,-0.26
2020-10-21,-1.2,-0.91,-0.26
2020-10-22,-1.3,-0.89,-0.23
2020-10-23,-1.29,-0.9,-0.25
2020-10-26,-1.28,-0.91,-0.28
2020-10-27,-1.3,-0.92,-0.3
2020-10-28,-1.27,-0.91,-0.29
2020-10-29,-1.23,-0.86,-0.26
2020-10-30,-1.21,-0.82,-0.23
2020-11-02,-1.22,-0.84,-0.26
2020-11-03,-1.23,-0.82,-0.24
2020-11-04,-1.23,-0.86,-0.27
2020-11-05,-1.22,-0.87,-0.29
2020-11-06,-1.18,-0.82,-0.24
2020-11-09,-1.19,-0.77,-0.15
2020-11-10,-1.23,-0.78,-0.17
2020-11-11,,,
2020-11-12,-1.23,-0.83,-0.24
2020-11-13,-1.23,-0.83,-0.24
2020-11-16,-1.23,-0.81,-0.22
2020-11-17,-1.24,-0.83,-0.25
2020-11-18,-1.23,-0.82,-0.24
2020-11-19,-1.23,-0.84,-0.27
2020-11-20,-1.23,-0.86,-0.31
2020-11-23,-1.23,-0.85,-0.3
2020-11-24,-1.26,-0.86,-0.29
2020-11-25,-1.28,-0.87,-0.29
2020-11-26,,,
2020-11-27,-1.3,-0.91,-0.33
2020-11-30,-1.32,-0.93,-0.35
2020-12-01,-1.3,-0.89,-0.3
2020-12-02,-1.34,-0.9,-0.29
2020-12-03,-1.38,-0.94,-0.32
2020-12-04,-1.41,-0.92,-0.28
2020-12-07,-1.44,-0.94,-0.3
2020-12-08,-1.45,-0.97,-0.32
2020-12-09,-1.43,-0.96,-0.32
2020-12-10,-1.44,-0.96,-0.35
2020-12-11,-1.45,-0.97,-0.34
2020-12-14,-1.47,-0.98,-0.34
2020-12-15,-1.49,-0.99,-0.35
2020-12-16,-1.53,-1.0,-0.33
2020-12-17,-1.52,-1.0,-0.33
2020-12-18,-1.53,-1.0,-0.32
2020-12-21,-1.51,-1.0,-0.32
2020-12-22,-1.55,-1.01,-0.33
2020-12-23,-1.55,-1.01,-0.32
2020-12-24,-1.55,-1.03,-0.35
2020-12-25,,,
2020-12-28,-1.54,-1.03,-0.35
2020-12-29,-1.53,-1.02,-0.34
2020-12-30,-1.55,-1.03,-0.35
2020-12-31,-1.59,-1.06,-0.37
2021-01-01,,,
2021-01-04,-1.62,-1.08,-0.39
2021-01-05,-1.63,-1.07,-0.36
2021-01-06,-1.61,-1.02,-0.3
2021-01-07,-1.63,-1.01,-0.28
2021-01-08,-1.58,-0.93,-0.21
2021-01-11,-1.54,-0.91,-0.2
2021-01-12,-1.56,-0.93,-0.22
2021-01-13,-1.56,-0.96,-0.28
2021-01-14,-1.6,-0.94,-0.24
2021-01-15,-1.63,-0.99,-0.26
2021-01-18,,,
2021-01-19,-1.67,-1.0,-0.29
2021-01-20,-1.7,-1.02,-0.3
2021-01-21,-1.73,-0.98,-0.3
2021-01-22,-1.72,-0.99,-0.3
2021-01-25,-1.73,-1.03,-0.32
2021-01-26,-1.73,-1.03,-0.29
2021-01-27,-1.74,-1.04,-0.28
2021-01-28,-1.76,-1.06,-0.31
2021-01-29,-1.76,-1.02,-0.27
2021-02-01,-1.76,-1.02,-0.27
2021-02-02,-1.78,-1.03,-0.27
2021-02-03,-1.81,-1.04,-0.25
2021-02-04,-1.79,-1.02,-0.24
2021-02-05,-1.81,-1.02,-0.2
2021-02-08,-1.83,-1.03,-0.22
2021-02-09,-1.83,-1.04,-0.22
2021-02-10,-1.85,-1.06,-0.24
2021-02-11,-1.86,-1.04,-0.2
2021-02-12,-1.85,-1.01,-0.16
2021-02-15,,,
2021-02-16,-1.8,-0.94,-0.11
2021-02-17,-1.78,-0.92,-0.11
2021-02-18,-1.73,-0.87,-0.04
2021-02-19,-1.7,-0.8,0.03
2021-02-22,-1.74,-0.79,0.06
2021-02-23,-1.76,-0.79,0.08
2021-02-24,-1.76,-0.79,0.11
2021-02-25,-1.53,-0.6,0.22
2021-02-26,-1.64,-0.71,0.06
2021-03-01,-1.69,-0.71,0.12
2021-03-02,-1.76,-0.78,0.08
2021-03-03,-1.72,-0.74,0.1
2021-03-04,-1.66,-0.66,0.15
2021-03-05,-1.64,-0.66,0.12
2021-03-08,-1.56,-0.62,0.15
2021-03-09,-1.58,-0.66,0.1
2021-03-10,-1.67,-0.73,0.05
2021-03-11,-1.73,-0.74,0.08
2021-03-12,-1.66,-0.62,0.21
2021-03-15,-1.7,-0.65,0.16
2021-03-16,-1.76,-0.68,0.14
2021-03-17,-1.78,-0.67,0.17
2021-03-18,-1.64,-0.56,0.21
2021-03-19,-1.61,-0.57,0.18
2021-03-22,-1.64,-0.64,0.08
2021-03-23,-1.65,-0.66,0.05
2021-03-24,-1.7,-0.69,0.03
2021-03-25,-1.72,-0.69,0.05
2021-03-26,-1.72,-0.67,0.06
2021-03-29,-1.67,-0.63,0.1
2021-03-30,-1.62,-0.62,0.09
2021-03-31,-1.62,-0.63,0.11
2021-04-01,-1.65,-0.66,0.07
2021-04-02,-1.61,-0.64,0.07
2021-04-05,-1.61,-0.62,0.1
2021-04-06,-1.64,-0.65,0.1
2021-04-07,-1.66,-0.66,0.12
2021-04-08,-1.7,-0.69,0.1
2021-04-09,-1.64,-0.64,0.14
2021-04-12,-1.63,-0.64,0.13
2021-04-13,-1.69,-0.69,0.09
2021-04-14,-1.69,-0.69,0.1
2021-04-15,-1.74,-0.77,0.01
2021-04-16,-1.73,-0.77,0.01
2021-04-19,-1.71,-0.73,0.05
2021-04-20,-1.71,-0.74,0.04
2021-04-21,-1.72,-0.76,0.02
2021-04-22,-1.61,-0.76,0.0
2021-04-23,-1.61,-0.76,0.0
2021-04-26,-1.62,-0.78,-0.02
2021-04-27,-1.63,-0.76,-0.01
2021-04-28,-1.68,-0.78,-0.02
2021-04-29,-1.7,-0.77,0.01
2021-04-30,-1.71,-0.76,0.02
2021-05-03,-1.76,-0.79,0.02
2021-05-04,-1.8,-0.81,0.0
2021-05-05,-1.88,-0.88,-0.05
2021-05-06,-1.85,-0.87,-0.03
2021-05-07,-1.88,-0.89,-0.03
2021-05-10,-1.91,-0.91,-0.03
2021-05-11,-1.88,-0.89,0.0
2021-05-12,-1.85,-0.85,0.04
2021-05-13,-1.81,-0.85,0.03
2021-05-14,-1.86,-0.88,-0.02
2021-05-17,-1.88,-0.9,-0.02
2021-05-18,-1.89,-0.88,0.0
2021-05-19,-1.79,-0.8,0.04
2021-05-20,-1.76,-0.78,0.04
2021-05-21,-1.78,-0.8,0.03
2021-05-24,-1.82,-0.83,0.0
2021-05-25,-1.84,-0.86,-0.05
2021-05-26,-1.8,-0.82,-0.03
2021-05-27,-1.78,-0.81,-0.02
2021-05-28,-1.78,-0.84,-0.06
2021-05-31,,,
2021-06-01,-1.79,-0.84,-0.05
2021-06-02,-1.79,-0.85,-0.05
2021-06-03,-1.72,-0.79,-0.03
2021-06-04,-1.76,-0.84,-0.08
2021-06-07,-1.72,-0.82,-0.06
2021-06-08,-1.7,-0.83,-0.09
2021-06-09,-1.66,-0.82,-0.11
2021-06-10,-1.74,-0.9,-0.16
2021-06-11,-1.67,-0.85,-0.14
2021-06-14,-1.64,-0.85,-0.15
2021-06-15,-1.67,-0.87,-0.15
2021-06-16,-1.52,-0.75,-0.11
2021-06-17,-1.41,-0.75,-0.15
2021-06-18,-1.48,-0.79,-0.21
2021-06-21,-1.51,-0.75,-0.12
2021-06-22,-1.59,-0.83,-0.17
2021-06-23,-1.59,-0.84,-0.16
2021-06-24,-1.55,-0.81,-0.16
2021-06-25,-1.54,-0.8,-0.13
2021-06-28,-1.55,-0.84,-0.19
2021-06-29,-1.57,-0.83,-0.17
2021-06-30,-1.6,-0.87,-0.2
2021-07-01,-1.6,-0.87,-0.21
2021-07-02,-1.63,-0.89,-0.22
2021-07-05,,,
2021-07-06,-1.67,-0.94,-0.26
2021-07-07,-1.64,-0.95,-0.28
2021-07-08,-1.64,-0.92,-0.25
2021-07-09,-1.65,-0.91,-0.23
2021-07-12,-1.67,-0.95,-0.25
2021-07-13,-1.71,-0.94,-0.23
2021-07-14,-1.73,-0.97,-0.25
2021-07-15,-1.75,-1.01,-0.29
2021-07-16,-1.73,-1.02,-0.29
2021-07-19,-1.71,-1.05,-0.34
2021-07-20,-1.71,-1.03,-0.29
2021-07-21,-1.71,-0.98,-0.26
2021-07-22,-1.75,-1.01,-0.29
2021-07-23,-1.81,-1.05,-0.31
2021-07-26,-1.86,-1.11,-0.36
2021-07-27,-1.84,-1.13,-0.36
2021-07-28,-1.85,-1.15,-0.36
2021-07-29,-1.85,-1.15,-0.36
2021-07-30,-1.87,-1.16,-0.35
2021-08-02,-1.85,-1.17,-0.36
2021-08-03,-1.86,-1.19,-0.37
2021-08-04,-1.83,-1.16,-0.37
2021-08-05,-1.74,-1.1,-0.34
2021-08-06,-1.73,-1.06,-0.3
2021-08-09,-1.71,-1.04,-0.28
2021-08-10,-1.71,-1.04,-0.28
2021-08-11,-1.74,-1.07,-0.28
2021-08-12,-1.72,-1.05,-0.26
2021-08-13,-1.73,-1.08,-0.3
2021-08-16,-1.75,-1.1,-0.31
2021-08-17,-1.72,-1.07,-0.27
2021-08-18,-1.69,-1.05,-0.29
2021-08-19,-1.67,-1.04,-0.3
2021-08-20,-1.6,-1.01,-0.3
2021-08-23,-1.65,-1.02,-0.31
2021-08-24,-1.65,-1.01,-0.29
2021-08-25,-1.67,-1.0,-0.26
2021-08-26,-1.66,-0.99,-0.28
2021-08-27,-1.74,-1.08,-0.35
2021-08-30,-1.74,-1.08,-0.34
2021-08-31,-1.71,-1.03,-0.3
2021-09-01,-1.7,-1.03,-0.31
2021-09-02,-1.69,-1.03,-0.31
2021-09-03,-1.7,-1.01,-0.28
2021-09-06,,,
2021-09-07,-1.69,-0.98,-0.25
2021-09-08,-1.72,-1.03,-0.29
2021-09-09,-1.76,-1.08,-0.36
2021-09-10,-1.73,-1.05,-0.34
2021-09-13,-1.72,-1.04,-0.34
2021-09-14,-1.7,-1.05,-0.37
2021-09-15,-1.7,-1.04,-0.36
2021-09-16,-1.69,-1.01,-0.34
2021-09-17,-1.63,-0.96,-0.32
2021-09-20,-1.6,-0.98,-0.34
2021-09-21,-1.6,-0.96,-0.33
2021-09-22,-1.55,-0.96,-0.34
2021-09-23,-1.54,-0.9,-0.3
2021-09-24,-1.5,-0.87,-0.24
2021-09-27,-1.52,-0.87,-0.25
2021-09-28,-1.51,-0.84,-0.2
2021-09-29,-1.51,-0.82,-0.18
2021-09-30,-1.53,-0.85,-0.19
2021-10-01,-1.58,-0.9,-0.23
2021-10-04,-1.58,-0.89,-0.23
2021-10-05,-1.61,-0.91,-0.23
2021-10-06,-1.58,-0.9,-0.24
2021-10-07,-1.59,-0.88,-0.2
2021-10-08,-1.59,-0.89,-0.21
2021-10-11,,,
2021-10-12,-1.56,-0.9,-0.24
2021-10-13,-1.59,-0.96,-0.32
2021-10-14,-1.64,-1.0,-0.34
2021-10-15,-1.58,-0.97,-0.33
2021-10-18,-1.55,-0.95,-0.34
2021-10-19,-1.54,-0.89,-0.27
2021-10-20,-1.61,-0.92,-0.26
2021-10-21,-1.71,-0.96,-0.31
2021-10-22,-1.69,-0.98,-0.32
2021-10-25,-1.76,-1.02,-0.32
2021-10-26,-1.79,-1.06,-0.37
2021-10-27,-1.8,-1.11,-0.46
2021-10-28,-1.72,-1.0,-0.36
2021-10-29,-1.71,-0.96,-0.3
2021-11-01,-1.66,-0.92,-0.27
2021-11-02,-1.69,-0.95,-0.32
2021-11-03,-1.67,-0.93,-0.3
2021-11-04,-1.78,-1.03,-0.38
2021-11-05,-1.83,-1.09,-0.45
2021-11-08,-1.81,-1.11,-0.5
2021-11-09,-1.88,-1.17,-0.57
2021-11-10,-1.85,-1.14,-0.52
2021-11-11,,,
2021-11-12,-1.87,-1.15,-0.51
2021-11-15,-1.91,-1.13,-0.48
2021-11-16,-1.9,-1.1,-0.42
2021-11-17,-1.9,-1.1,-0.43
2021-11-18,-1.89,-1.14,-0.47
2021-11-19,-1.8,-1.11,-0.52
2021-11-22,-1.65,-0.98,-0.41
2021-11-23,-1.67,-0.95,-0.36
2021-11-24,-1.69,-0.97,-0.39
2021-11-25,,,
2021-11-26,-1.76,-1.07,-0.48
2021-11-29,-1.73,-1.02,-0.44
2021-11-30,-1.66,-1.07,-0.51
2021-12-01,-1.55,-1.01,-0.5
2021-12-02,-1.52,-1.03,-0.56
2021-12-03,-1.59,-1.08,-0.59
2021-12-06,-1.58,-1.01,-0.5
2021-12-07,-1.58,-0.99,-0.47
2021-12-08,-1.61,-1.0,-0.43
2021-12-09,-1.54,-0.98,-0.41
2021-12-10,-1.51,-0.96,-0.36
2021-12-13,-1.52,-0.98,-0.4
2021-12-14,-1.43,-0.93,-0.37
2021-12-15,-1.41,-0.92,-0.35
2021-12-16,-1.51,-0.98,-0.34
2021-12-17,-1.47,-0.97,-0.37
2021-12-20,-1.48,-0.96,-0.36
2021-12-21,-1.45,-0.96,-0.38
2021-12-22,-1.47,-1.01,-0.43
2021-12-23,-1.47,-0.97,-0.38
2021-12-24,,,
2021-12-27,-1.49,-1.02,-0.42
2021-12-28,-1.51,-1.01,-0.4
2021-12-29,-1.54,-0.98,-0.38
2021-12-30,-1.59,-1.06,-0.43
2021-12-31,-1.61,-1.04,-0.44
2022-01-03,-1.58,-0.97,-0.36
2022-01-04,-1.56,-0.91,-0.27
2022-01-05,-1.44,-0.82,-0.2
2022-01-06,-1.3,-0.73,-0.15
2022-01-07,-1.28,-0.72,-0.16
2022-01-10,-1.24,-0.7,-0.15
2022-01-11,-1.36,-0.79,-0.22
2022-01-12,-1.32,-0.74,-0.17
2022-01-13,-1.3,-0.73,-0.17
2022-01-14,-1.24,-0.66,-0.1
2022-01-17,,,
2022-01-18,-1.15,-0.59,-0.06
2022-01-19,-1.11,-0.57,-0.05
2022-01-20,-1.12,-0.5,-0.05
2022-01-21,-1.16,-0.59,-0.12
2022-01-24,-1.21,-0.63,-0.12
2022-01-25,-1.22,-0.63,-0.09
2022-01-26,-1.09,-0.53,-0.03
2022-01-27,-1.1,-0.59,-0.11
2022-01-28,-1.19,-0.66,-0.14
2022-01-31,-1.2,-0.65,-0.12
2022-02-01,-1.17,-0.62,-0.08
2022-02-02,-1.19,-0.63,-0.07
2022-02-03,-1.1,-0.56,-0.01
2022-02-04,-1.0,-0.48,0.06
2022-02-07,-0.99,-0.48,0.05
2022-02-08,-0.96,-0.46,0.05
2022-02-09,-0.96,-0.48,0.05
2022-02-10,-0.85,-0.42,0.11
2022-02-11,-0.98,-0.51,0.09
2022-02-14,-1.01,-0.5,0.13
2022-02-15,-0.95,-0.43,0.18
2022-02-16,-0.97,-0.43,0.17
2022-02-17,-1.02,-0.46,0.19
2022-02-18,-1.04,-0.49,0.12
2022-02-21,,,
2022-02-22,-1.04,-0.51,0.11
2022-02-23,-1.12,-0.54,0.12
2022-02-24,-1.21,-0.59,0.1
2022-02-25,-1.16,-0.57,0.09
2022-02-28,-1.4,-0.79,-0.11
2022-03-01,-1.58,-0.9,-0.16
2022-03-02,-1.49,-0.85,-0.14
2022-03-03,-1.43,-0.83,-0.11
2022-03-04,-1.54,-0.93,-0.17
2022-03-07,-1.58,-0.99,-0.23
2022-03-08,-1.63,-1.04,-0.3
2022-03-09,-1.46,-0.9,-0.2
2022-03-10,-1.5,-0.88,-0.14
2022-03-11,-1.56,-0.94,-0.22
2022-03-14,-1.4,-0.79,-0.13
2022-03-15,-1.32,-0.69,-0.03
2022-03-16,-1.16,-0.61,-0.02
2022-03-17,-1.34,-0.71,-0.08
2022-03-18,-1.34,-0.72,-0.09
2022-03-21,-1.19,-0.58,0.01
2022-03-22,-1.13,-0.53,0.04
2022-03-23,-1.23,-0.62,-0.06
2022-03-24,-1.2,-0.58,-0.02
2022-03-25,-1.04,-0.47,0.06
2022-03-28,-1.02,-0.49,0.02
2022-03-29,-0.91,-0.45,0.05
2022-03-30,-0.97,-0.51,0.0
2022-03-31,-0.92,-0.52,-0.03
2022-04-01,-0.73,-0.41,0.0
2022-04-04,-0.72,-0.38,0.02
2022-04-05,-0.62,-0.3,0.09
2022-04-06,-0.58,-0.22,0.15
2022-04-07,-0.56,-0.16,0.21
2022-04-08,-0.57,-0.15,0.23
2022-04-11,-0.58,-0.12,0.27
2022-04-12,-0.65,-0.14,0.28
2022-04-13,-0.59,-0.1,0.3
2022-04-14,-0.54,-0.06,0.34
2022-04-15,,,
2022-04-18,-0.57,-0.07,0.33
2022-04-19,-0.45,0.0,0.38
2022-04-20,-0.49,-0.07,0.28
2022-04-21,-0.41,-0.12,0.25
2022-04-22,-0.43,-0.08,0.3
2022-04-25,-0.43,-0.1,0.3
2022-04-26,-0.46,-0.08,0.33
2022-04-27,-0.47,-0.06,0.36
2022-04-28,-0.53,-0.12,0.29
2022-04-29,-0.38,0.01,0.4
2022-05-02,-0.2,0.18,0.56
2022-05-03,-0.2,0.14,0.48
2022-05-04,-0.31,0.07,0.44
2022-05-05,-0.22,0.18,0.55
2022-05-06,-0.16,0.26,0.63
2022-05-09,-0.11,0.3,0.66
2022-05-10,-0.01,0.34,0.67
2022-05-11,-0.11,0.21,0.51
2022-05-12,-0.08,0.25,0.57
2022-05-13,-0.14,0.24,0.57
2022-05-16,-0.21,0.2,0.59
2022-05-17,-0.12,0.27,0.65
2022-05-18,-0.16,0.17,0.54
2022-05-19,-0.13,0.25,0.63
2022-05-20,-0.08,0.23,0.64
2022-05-23,-0.04,0.26,0.68
2022-05-24,-0.11,0.21,0.62
2022-05-25,-0.17,0.19,0.64
2022-05-26,-0.26,0.13,0.61
2022-05-27,-0.24,0.11,0.59
2022-05-30,,,
2022-05-31,-0.15,0.21,0.67
2022-06-01,-0.02,0.29,0.67
2022-06-02,-0.05,0.26,0.62
2022-06-03,-0.09,0.22,0.55
2022-06-06,-0.02,0.28,0.62
2022-06-07,-0.04,0.25,0.58
2022-06-08,-0.03,0.28,0.63
2022-06-09,-0.01,0.29,0.62
2022-06-10,0.12,0.39,0.67
2022-06-13,0.45,0.69,0.9
2022-06-14,0.73,0.89,1.01
2022-06-15,0.38,0.63,0.86
2022-06-16,0.48,0.66,0.86
2022-06-17,0.54,0.67,0.85
2022-06-20,,,
2022-06-21,0.54,0.7,0.9
2022-06-22,0.48,0.62,0.8
2022-06-23,0.45,0.59,0.81
2022-06-24,0.36,0.57,0.81
2022-06-27,0.45,0.65,0.87
2022-06-28,0.52,0.72,0.91
2022-06-29,0.56,0.74,0.96
2022-06-30,0.43,0.65,0.91
2022-07-01,0.28,0.54,0.88
2022-07-04,,,
2022-07-05,0.31,0.52,0.84
2022-07-06,0.48,0.64,0.94
2022-07-07,0.52,0.68,0.98
2022-07-08,0.51,0.72,1.02
2022-07-11,0.49,0.67,0.99
2022-07-12,0.51,0.64,0.94
2022-07-13,0.51,0.6,0.88
2022-07-14,0.52,0.62,0.89
2022-07-15,0.46,0.57,0.86
2022-07-18,0.43,0.59,0.9
2022-07-19,0.47,0.62,0.92
2022-07-20,0.51,0.66,0.95
2022-07-21,0.45,0.58,0.93
2022-07-22,0.31,0.43,0.82
2022-07-25,0.31,0.45,0.85
2022-07-26,0.33,0.45,0.85
2022-07-27,0.21,0.36,0.8
2022-07-28,0.02,0.2,0.75
2022-07-29,-0.03,0.14,0.71
2022-08-01,-0.06,0.09,0.67
2022-08-02,0.16,0.27,0.79
2022-08-03,0.14,0.23,0.72
2022-08-04,0.12,0.22,0.74
2022-08-05,0.33,0.37,0.81
2022-08-08,0.26,0.29,0.74
2022-08-09,0.31,0.33,0.78
2022-08-10,0.32,0.35,0.82
2022-08-11,0.31,0.4,0.9
2022-08-12,0.3,0.37,0.89
2022-08-15,0.29,0.35,0.89
2022-08-16,0.34,0.38,0.89
2022-08-17,0.39,0.43,0.92
2022-08-18,0.32,0.36,0.86
2022-08-19,0.39,0.43,0.87
2022-08-22,0.43,0.46,0.88
2022-08-23,0.41,0.47,0.89
2022-08-24,0.41,0.49,0.92
2022-08-25,0.38,0.43,0.87
2022-08-26,0.47,0.47,0.85
2022-08-29,0.56,0.54,0.9
2022-08-30,0.6,0.56,0.87
2022-08-31,0.72,0.67,0.96
2022-09-01,0.87,0.81,1.07
2022-09-02,0.75,0.73,1.01
2022-09-05,,,
2022-09-06,0.87,0.85,1.11
2022-09-07,0.86,0.82,1.07
2022-09-08,0.93,0.88,1.11
2022-09-09,0.94,0.91,1.14
2022-09-12,0.95,0.95,1.21
2022-09-13,1.02,0.98,1.19
2022-09-14,0.98,0.95,1.15
2022-09-15,1.09,1.02,1.18
2022-09-16,1.13,1.07,1.25
2022-09-19,1.25,1.15,1.28
2022-09-20,1.27,1.17,1.3
2022-09-21,1.27,1.13,1.24
2022-09-22,1.46,1.29,1.38
2022-09-23,1.58,1.32,1.38
2022-09-26,1.82,1.56,1.52
2022-09-27,1.86,1.64,1.66
2022-09-28,1.55,1.39,1.5
2022-09-29,1.8,1.57,1.64
2022-09-30,1.92,1.68,1.74
2022-10-03,1.64,1.43,1.58
2022-10-04,1.56,1.38,1.58
2022-10-05,1.7,1.54,1.68
2022-10-06,1.76,1.61,1.73
2022-10-07,1.78,1.62,1.73
2022-10-10,,,
2022-10-11,1.78,1.62,1.73
2022-10-12,1.8,1.62,1.71
2022-10-13,1.83,1.63,1.72
2022-10-14,1.81,1.59,1.66
2022-10-17,1.76,1.57,1.65
2022-10-18,1.79,1.6,1.71
2022-10-19,1.89,1.72,1.79
2022-10-20,1.8,1.73,1.77
2022-10-21,1.65,1.69,1.82
2022-10-24,1.64,1.66,1.78
2022-10-25,1.63,1.59,1.74
2022-10-26,1.64,1.6,1.75
2022-10-27,1.52,1.51,1.67
2022-10-28,1.57,1.51,1.65
2022-10-31,1.6,1.58,1.69
2022-11-01,1.62,1.56,1.64
2022-11-02,1.62,1.57,1.63
2022-11-03,1.82,1.74,1.76
2022-11-04,1.72,1.69,1.77
2022-11-07,1.72,1.69,1.77
2022-11-08,1.7,1.64,1.74
2022-11-09,1.74,1.7,1.8
2022-11-10,1.48,1.43,1.58
2022-11-11,,,
2022-11-14,1.58,1.51,1.65
2022-11-15,1.53,1.45,1.57
2022-11-16,1.48,1.38,1.51
2022-11-17,1.61,1.49,1.57
2022-11-18,1.71,1.57,1.63
2022-11-21,1.63,1.52,1.57
2022-11-22,1.58,1.44,1.51
2022-11-23,1.55,1.39,1.43
2022-11-24,,,
2022-11-25,1.51,1.36,1.42
2022-11-28,1.59,1.43,1.47
2022-11-29,1.62,1.5,1.54
2022-11-30,1.41,1.34,1.46
2022-12-01,1.23,1.17,1.29
2022-12-02,1.16,1.08,1.15
2022-12-05,1.34,1.21,1.23
2022-12-06,1.35,1.2,1.21
2022-12-07,1.29,1.16,1.16
2022-12-08,1.35,1.2,1.15
2022-12-09,1.45,1.31,1.28
2022-12-12,1.45,1.33,1.29
2022-12-13,1.35,1.27,1.3
2022-12-14,1.39,1.3,1.35
2022-12-15,1.41,1.28,1.33
2022-12-16,1.47,1.35,1.4
2022-12-19,1.51,1.42,1.47
2022-12-20,1.53,1.45,1.5
2022-12-21,1.47,1.41,1.48
2022-12-22,1.55,1.48,1.53
2022-12-23,1.57,1.55,1.6
2022-12-26,,,
2022-12-27,1.61,1.58,1.65
2022-12-28,1.64,1.6,1.67
2022-12-29,1.62,1.56,1.63
2022-12-30,1.66,1.58,1.67
2023-01-02,,,
2023-01-03,1.65,1.53,1.61
2023-01-04,1.64,1.47,1.57
2023-01-05,1.68,1.49,1.55
2023-01-06,1.51,1.34,1.43
2023-01-09,1.48,1.31,1.41
2023-01-10,1.52,1.37,1.47
2023-01-11,1.45,1.31,1.41
2023-01-12,1.32,1.22,1.33
2023-01-13,1.4,1.31,1.44
2023-01-16,,,
2023-01-17,1.42,1.36,1.47
2023-01-18,1.34,1.25,1.4
2023-01-19,1.27,1.19,1.34
2023-01-20,1.33,1.25,1.42
2023-01-23,1.33,1.24,1.41
2023-01-24,1.29,1.19,1.34
2023-01-25,1.26,1.17,1.33
2023-01-26,1.26,1.16,1.3
2023-01-27,1.29,1.19,1.33
2023-01-30,1.38,1.26,1.39
2023-01-31,1.36,1.28,1.43
2023-02-01,1.19,1.14,1.33
2023-02-02,1.23,1.18,1.38
2023-02-03,1.4,1.31,1.46
2023-02-06,1.48,1.38,1.47
2023-02-07,1.45,1.36,1.47
2023-02-08,1.36,1.29,1.41
2023-02-09,1.42,1.34,1.47
2023-02-10,1.46,1.41,1.53
2023-02-13,1.49,1.41,1.51
2023-02-14,1.55,1.46,1.53
2023-02-15,1.53,1.46,1.54
2023-02-16,1.54,1.49,1.57
2023-02-17,1.53,1.46,1.54
2023-02-20,,,
2023-02-21,1.58,1.53,1.6
2023-02-22,1.61,1.52,1.58
2023-02-23,1.59,1.49,1.55
2023-02-24,1.72,1.57,1.61
2023-02-27,1.68,1.56,1.61
2023-02-28,1.6,1.49,1.57
2023-03-01,1.68,1.57,1.6
2023-03-02,1.67,1.6,1.63
2023-03-03,1.55,1.45,1.49
2023-03-06,1.57,1.49,1.54
2023-03-07,1.77,1.59,1.56
2023-03-08,1.87,1.66,1.62
2023-03-09,1.79,1.63,1.63
2023-03-10,1.62,1.44,1.45
2023-03-13,1.42,1.31,1.46
2023-03-14,1.43,1.33,1.49
2023-03-15,1.26,1.22,1.44
2023-03-16,1.46,1.34,1.48
2023-03-17,1.34,1.29,1.5
2023-03-20,1.42,1.33,1.51
2023-03-21,1.48,1.36,1.52
2023-03-22,1.23,1.2,1.43
2023-03-23,1.13,1.19,1.43
2023-03-24,1.2,1.16,1.45
2023-03-27,1.32,1.29,1.55
2023-03-28,1.29,1.24,1.5
2023-03-29,1.29,1.24,1.5
2023-03-30,1.26,1.21,1.48
2023-03-31,1.2,1.16,1.44
2023-04-03,1.13,1.14,1.43
2023-04-04,1.07,1.1,1.41
2023-04-05,1.07,1.07,1.39
2023-04-06,1.06,1.06,1.35
2023-04-07,1.16,1.14,1.4
2023-04-10,1.18,1.14,1.4
2023-04-11,1.18,1.14,1.38
2023-04-12,1.17,1.14,1.38
2023-04-13,1.22,1.16,1.4
2023-04-14,1.29,1.22,1.46
2023-04-17,1.34,1.28,1.52
2023-04-18,1.36,1.3,1.53
2023-04-19,1.38,1.32,1.53
2023-04-20,1.35,1.28,1.5
2023-04-21,1.36,1.29,1.53
2023-04-24,1.27,1.24,1.48
2023-04-25,1.17,1.15,1.43
2023-04-26,1.2,1.18,1.46
2023-04-27,1.31,1.26,1.5
2023-04-28,1.31,1.26,1.51
2023-05-01,1.4,1.36,1.61
2023-05-02,1.28,1.24,1.53
2023-05-03,1.18,1.18,1.5
2023-05-04,1.16,1.18,1.52
2023-05-05,1.22,1.23,1.53
2023-05-08,1.27,1.29,1.59
2023-05-09,1.29,1.3,1.61
2023-05-10,1.24,1.26,1.58
2023-05-11,1.26,1.23,1.53
2023-05-12,1.34,1.28,1.54
2023-05-15,1.34,1.31,1.59
2023-05-16,1.41,1.35,1.61
2023-05-17,1.42,1.35,1.6
2023-05-18,1.53,1.42,1.63
2023-05-19,1.57,1.46,1.66
2023-05-22,1.59,1.48,1.68
2023-05-23,1.55,1.44,1.65
2023-05-24,1.61,1.48,1.67
2023-05-25,1.78,1.58,1.68
2023-05-26,1.79,1.57,1.64
2023-05-29,,,
2023-05-30,1.69,1.47,1.62
2023-05-31,1.67,1.46,1.63
2023-06-01,1.63,1.45,1.62
2023-06-02,1.71,1.51,1.66
2023-06-05,1.67,1.5,1.66
2023-06-06,1.71,1.5,1.64
2023-06-07,1.78,1.58,1.7
2023-06-08,1.73,1.53,1.65
2023-06-09,1.79,1.55,1.65
2023-06-12,1.8,1.56,1.65
2023-06-13,1.89,1.64,1.7
2023-06-14,1.91,1.62,1.67
2023-06-15,1.75,1.51,1.63
2023-06-16,1.82,1.55,1.63
2023-06-19,,,
2023-06-20,1.82,1.52,1.59
2023-06-21,1.8,1.51,1.57
2023-06-22,1.85,1.56,1.63
2023-06-23,1.83,1.53,1.59
2023-06-26,1.83,1.54,1.62
2023-06-27,1.9,1.57,1.63
2023-06-28,1.85,1.53,1.61
2023-06-29,1.99,1.65,1.69
2023-06-30,1.95,1.59,1.62
2023-07-03,1.98,1.61,1.62
2023-07-04,,,
2023-07-05,2.05,1.69,1.7
2023-07-06,2.15,1.78,1.75
2023-07-07,2.13,1.79,1.78
2023-07-10,2.06,1.76,1.79
2023-07-11,2.08,1.75,1.8
2023-07-12,1.89,1.6,1.67
2023-07-13,1.77,1.52,1.64
2023-07-14,1.89,1.59,1.67
2023-07-17,1.86,1.56,1.67
2023-07-18,1.87,1.57,1.66
2023-07-19,1.85,1.53,1.61
2023-07-20,1.87,1.5,1.62
2023-07-21,1.86,1.49,1.62
2023-07-24,1.85,1.48,1.61
2023-07-25,1.89,1.52,1.65
2023-07-26,1.85,1.5,1.65
2023-07-27,1.97,1.64,1.76
2023-07-28,1.9,1.58,1.72
2023-07-31,1.91,1.6,1.76
2023-08-01,1.98,1.68,1.81
2023-08-02,1.99,1.72,1.85
2023-08-03,2.06,1.83,1.99
2023-08-04,1.89,1.67,1.87
2023-08-07,1.87,1.68,1.89
2023-08-08,1.86,1.66,1.88
2023-08-09,1.89,1.66,1.87
2023-08-10,1.96,1.76,1.96
2023-08-11,2.01,1.8,1.96
2023-08-14,2.07,1.83,1.98
2023-08-15,2.12,1.89,2.02
2023-08-16,2.19,1.96,2.06
2023-08-17,2.18,1.97,2.09
2023-08-18,2.16,1.94,2.08
2023-08-21,2.21,2.0,2.12
2023-08-22,2.22,1.99,2.07
2023-08-23,2.1,1.84,1.93
2023-08-24,2.15,1.91,1.98
2023-08-25,2.19,1.92,1.99
2023-08-28,2.17,1.9,1.99
2023-08-29,2.08,1.83,1.95
2023-08-30,2.11,1.86,1.97
2023-08-31,2.08,1.85,1.96
2023-09-01,2.12,1.92,2.04
2023-09-04,,,
2023-09-05,2.16,1.98,2.1
2023-09-06,2.21,2.0,2.08
2023-09-07,2.14,1.95,2.06
2023-09-08,2.13,1.93,2.01
2023-09-11,2.14,1.94,2.04
2023-09-12,2.14,1.93,2.02
2023-09-13,2.11,1.9,2.0
2023-09-14,2.15,1.95,2.06
2023-09-15,2.18,1.98,2.08
2023-09-18,2.17,1.96,2.05
2023-09-19,2.21,2.0,2.09
2023-09-20,2.25,2.0,2.07
2023-09-21,2.32,2.11,2.2
2023-09-22,2.28,2.07,2.16
2023-09-25,2.37,2.18,2.28
2023-09-26,2.42,2.23,2.33
2023-09-27,2.44,2.27,2.35
2023-09-28,2.35,2.2,2.29
2023-09-29,2.38,2.24,2.33
2023-10-02,2.49,2.34,2.41
2023-10-03,2.59,2.45,2.51
2023-10-04,2.54,2.4,2.44
2023-10-05,2.54,2.41,2.49
2023-10-06,2.58,2.47,2.54
2023-10-09,,,
2023-10-10,2.44,2.34,2.43
2023-10-11,2.39,2.26,2.34
2023-10-12,2.46,2.36,2.46
2023-10-13,2.39,2.29,2.38
2023-10-16,2.42,2.33,2.44
2023-10-17,2.54,2.42,2.47
2023-10-18,2.57,2.47,2.5
2023-10-19,2.43,2.49,2.55
2023-10-20,2.39,2.46,2.55
2023-10-23,2.4,2.45,2.52
2023-10-24,2.44,2.43,2.47
2023-10-25,2.49,2.52,2.56
2023-10-26,2.42,2.44,2.5
2023-10-27,2.37,2.42,2.51
2023-10-30,2.4,2.44,2.52
2023-10-31,2.42,2.46,2.51
2023-11-01,2.31,2.36,2.44
2023-11-02,2.3,2.27,2.32
2023-11-03,2.17,2.18,2.28
2023-11-06,2.25,2.25,2.32
2023-11-07,2.21,2.19,2.25
2023-11-08,2.22,2.15,2.18
2023-11-09,2.35,2.29,2.31
2023-11-10,2.37,2.29,2.3
2023-11-13,2.37,2.32,2.34
2023-11-14,2.19,2.16,2.24
2023-11-15,2.28,2.22,2.28
2023-11-16,2.23,2.18,2.26
2023-11-17,2.22,2.16,2.24
2023-11-20,2.18,2.12,2.2
2023-11-21,2.22,2.16,2.24
2023-11-22,2.23,2.16,2.2
2023-11-23,,,
2023-11-24,2.28,2.21,2.25
2023-11-27,2.26,2.18,2.22
2023-11-28,2.14,2.12,2.21
2023-11-29,2.08,2.06,2.15
2023-11-30,2.16,2.14,2.22
2023-12-01,2.02,2.0,2.12
2023-12-04,2.1,2.07,2.17
2023-12-05,2.05,2.01,2.08
2023-12-06,2.07,1.98,2.02
2023-12-07,2.05,1.97,2.02
2023-12-08,2.13,2.02,2.05
2023-12-11,2.14,2.04,2.09
2023-12-12,2.15,2.04,2.09
2023-12-13,1.92,1.88,2.0
2023-12-14,1.72,1.7,1.82
2023-12-15,1.74,1.69,1.82
2023-12-18,1.76,1.74,1.87
2023-12-19,1.77,1.74,1.87
2023-12-20,1.7,1.67,1.83
2023-12-21,1.69,1.7,1.86
2023-12-22,1.71,1.71,1.89
2023-12-25,,,
2023-12-26,1.72,1.71,1.89
2023-12-27,1.66,1.64,1.82
2023-12-28,1.72,1.68,1.84
2023-12-29,1.72,1.72,1.9
2024-01-01,,,
2024-01-02,1.76,1.74,1.91
2024-01-03,1.73,1.71,1.89
2024-01-04,1.79,1.77,1.96
2024-01-05,1.83,1.83,2.02
2024-01-08,1.78,1.79,1.98
2024-01-09,1.8,1.8,1.99
2024-01-10,1.81,1.82,2.01
2024-01-11,1.72,1.76,1.98
2024-01-12,1.62,1.69,1.95
2024-01-15,,,
2024-01-16,1.71,1.77,2.03
2024-01-17,1.78,1.8,2.03
2024-01-18,1.76,1.8,2.05
2024-01-19,1.78,1.81,2.03
2024-01-22,1.76,1.8,2.03
2024-01-23,1.8,1.85,2.09
2024-01-24,1.83,1.88,2.11
2024-01-25,1.77,1.85,2.1
2024-01-26,1.78,1.85,2.1
2024-01-29,1.71,1.78,2.03
2024-01-30,1.75,1.8,2.04
2024-01-31,1.67,1.73,1.99
2024-02-01,1.63,1.68,1.91
2024-02-02,1.8,1.82,2.02
2024-02-05,1.87,1.9,2.09
2024-02-06,1.79,1.85,2.06
2024-02-07,1.8,1.86,2.08
2024-02-08,1.84,1.91,2.12
2024-02-09,1.86,1.92,2.13
2024-02-12,1.86,1.93,2.15
2024-02-13,1.98,2.02,2.2
2024-02-14,1.91,1.97,2.18
2024-02-15,1.87,1.94,2.16
2024-02-16,1.91,1.97,2.17
2024-02-19,,,
2024-02-20,1.88,1.95,2.17
2024-02-21,1.91,1.98,2.18
2024-02-22,1.96,2.02,2.19
2024-02-23,1.94,1.96,2.11
2024-02-26,1.93,1.97,2.13
2024-02-27,1.94,1.99,2.16
2024-02-28,1.88,1.94,2.12
2024-02-29,1.86,1.92,2.09
2024-03-01,1.77,1.87,2.05
2024-03-04,1.79,1.88,2.05
2024-03-05,1.74,1.81,1.98
2024-03-06,1.74,1.81,1.98
2024-03-07,1.73,1.81,2.01
2024-03-08,1.72,1.81,2.01
2024-03-11,1.76,1.83,2.02
2024-03-12,1.8,1.86,2.05
2024-03-13,1.82,1.89,2.08
2024-03-14,1.92,1.99,2.17
2024-03-15,1.94,1.99,2.16
2024-03-18,1.97,2.03,2.19
2024-03-19,1.93,2.0,2.18
2024-03-20,1.85,1.96,2.17
2024-03-21,1.83,1.93,2.14
2024-03-22,1.79,1.87,2.1
2024-03-25,1.82,1.92,2.14
2024-03-26,1.84,1.92,2.13
2024-03-27,1.81,1.88,2.09
2024-03-28,1.83,1.88,2.07
2024-03-29,,,
2024-04-01,1.93,1.98,2.17
2024-04-02,1.91,2.0,2.19
2024-04-03,1.91,2.0,2.2
2024-04-04,1.88,1.97,2.17
2024-04-05,1.93,2.02,2.22
2024-04-08,1.96,2.04,2.22
2024-04-09,1.93,2.0,2.18
2024-04-10,2.12,2.15,2.29
2024-04-11,2.13,2.16,2.31
2024-04-12,2.07,2.11,2.27
2024-04-15,2.13,2.2,2.37
2024-04-16,2.17,2.24,2.4
2024-04-17,2.15,2.2,2.36
2024-04-18,2.24,2.24,2.38
2024-04-19,2.22,2.21,2.36
2024-04-22,2.21,2.21,2.36
2024-04-23,2.19,2.2,2.38
2024-04-24,2.22,2.24,2.41
2024-04-25,2.27,2.28,2.42
2024-04-26,2.24,2.24,2.38
2024-04-29,2.22,2.22,2.36
2024-04-30,2.29,2.28,2.41
2024-05-01,2.25,2.25,2.38
2024-05-02,2.2,2.21,2.37
2024-05-03,2.13,2.15,2.31
2024-05-06,2.14,2.14,2.29
2024-05-07,2.16,2.15,2.28
2024-05-08,2.19,2.17,2.31
2024-05-09,2.13,2.13,2.26
2024-05-10,2.18,2.16,2.29
2024-05-13,2.17,2.15,2.29
2024-05-14,2.14,2.12,2.26
2024-05-15,2.06,2.05,2.19
2024-05-16,2.1,2.07,2.2
2024-05-17,2.12,2.1,2.23
2024-05-20,2.13,2.11,2.24
2024-05-21,2.1,2.09,2.22
2024-05-22,2.14,2.1,2.21
2024-05-23,2.21,2.17,2.26
2024-05-24,2.2,2.14,2.25
2024-05-27,,,
2024-05-28,2.23,2.2,2.32
2024-05-29,2.27,2.25,2.36
2024-05-30,2.22,2.19,2.32
2024-05-31,2.18,2.16,2.3
2024-06-03,2.11,2.08,2.22
2024-06-04,2.07,2.02,2.16
2024-06-05,2.04,1.99,2.13
2024-06-06,2.04,2.0,2.14
2024-06-07,2.18,2.13,2.24
2024-06-10,2.21,2.16,2.28
2024-06-11,2.16,2.12,2.23
2024-06-12,2.15,2.09,2.21
2024-06-13,2.1,2.03,2.15
2024-06-14,2.11,2.03,2.12
2024-06-17,2.14,2.06,2.15
2024-06-18,2.07,2.01,2.1
2024-06-19,,,
2024-06-20,2.05,2.0,2.12
2024-06-21,2.07,2.02,2.15
2024-06-24,2.09,2.03,2.14
2024-06-25,2.08,2.01,2.12
2024-06-26,2.12,2.06,2.17
2024-06-27,2.07,2.03,2.15
2024-06-28,2.09,2.08,2.23
2024-07-01,2.15,2.16,2.32
2024-07-02,2.13,2.13,2.28
2024-07-03,2.1,2.09,2.23
2024-07-04,,,
2024-07-05,2.0,2.0,2.17
2024-07-08,2.01,2.01,2.17
2024-07-09,2.03,2.04,2.21
2024-07-10,2.02,2.01,2.18
2024-07-11,1.95,1.95,2.13
2024-07-12,1.95,1.94,2.12
2024-07-15,1.93,1.96,2.16
2024-07-16,1.89,1.91,2.09
2024-07-17,1.88,1.9,2.09
2024-07-18,1.92,1.89,2.13
2024-07-19,1.98,1.93,2.16
2024-07-22,1.99,1.96,2.18
2024-07-23,1.98,1.96,2.2
2024-07-24,1.99,2.0,2.26
2024-07-25,2.0,1.99,2.24
2024-07-26,1.93,1.93,2.2
2024-07-29,1.92,1.92,2.17
2024-07-30,1.91,1.9,2.16
2024-07-31,1.84,1.85,2.13
2024-08-01,1.78,1.79,2.09
2024-08-02,1.73,1.76,2.04
2024-08-05,1.71,1.71,1.97
2024-08-06,1.77,1.78,2.05
2024-08-07,1.82,1.85,2.12
2024-08-08,1.85,1.87,2.14
2024-08-09,1.84,1.84,2.1
2024-08-12,1.77,1.79,2.06
2024-08-13,1.72,1.76,2.05
2024-08-14,1.74,1.77,2.04
2024-08-15,1.8,1.8,2.06
2024-08-16,1.8,1.81,2.06
2024-08-19,1.81,1.79,2.04
2024-08-20,1.75,1.75,1.99
2024-08-21,1.7,1.72,1.97
2024-08-22,1.76,1.76,2.03
2024-08-23,1.64,1.68,1.97
2024-08-26,1.64,1.67,1.97
2024-08-27,1.64,1.68,1.98
2024-08-28,1.64,1.69,1.98
2024-08-29,1.65,1.71,2.0
2024-08-30,1.7,1.76,2.04
2024-09-02,,,
2024-09-03,1.7,1.73,2.0
2024-09-04,1.66,1.7,1.98
2024-09-05,1.67,1.7,1.97
2024-09-06,1.64,1.69,1.98
2024-09-09,1.61,1.66,1.94
2024-09-10,1.57,1.63,1.92
2024-09-11,1.55,1.61,1.91
2024-09-12,1.54,1.63,1.94
2024-09-13,1.48,1.58,1.9
2024-09-16,1.47,1.54,1.84
2024-09-17,1.47,1.53,1.85
2024-09-18,1.49,1.58,1.9
2024-09-19,1.45,1.56,1.91
2024-09-20,1.46,1.58,1.93
2024-09-23,1.47,1.58,1.93
2024-09-24,1.41,1.55,1.92
2024-09-25,1.46,1.61,1.97
2024-09-26,1.52,1.63,1.96
2024-09-27,1.47,1.6,1.95
2024-09-30,1.51,1.63,1.96
2024-10-01,1.44,1.55,1.9
2024-10-02,1.45,1.58,1.93
2024-10-03,1.51,1.64,1.98
2024-10-04,1.67,1.75,2.04
2024-10-07,1.69,1.76,2.06
2024-10-08,1.69,1.77,2.07
2024-10-09,1.7,1.77,2.06
2024-10-10,1.65,1.76,2.08
2024-10-11,1.63,1.75,2.09
2024-10-14,,,
2024-10-15,1.64,1.75,2.05
2024-10-16,1.65,1.75,2.05
2024-10-17,1.68,1.79,2.11
2024-10-18,1.65,1.77,2.09
2024-10-21,1.75,1.88,2.19
2024-10-22,1.75,1.87,2.17
2024-10-23,1.82,1.93,2.21
2024-10-24,1.7,1.91,2.17
2024-10-25,1.75,1.96,2.22
2024-10-28,1.8,1.99,2.23
2024-10-29,1.78,1.98,2.22
2024-10-30,1.77,1.95,2.17
2024-10-31,1.77,1.95,2.15
2024-11-01,1.85,2.04,2.25
2024-11-04,1.85,2.03,2.22
2024-11-05,1.84,1.99,2.16
2024-11-06,1.81,2.04,2.25
2024-11-07,1.77,1.98,2.22
2024-11-08,1.77,1.95,2.16
2024-11-11,,,
2024-11-12,1.89,2.08,2.27
2024-11-13,1.88,2.09,2.32
2024-11-14,1.92,2.1,2.28
2024-11-15,1.91,2.1,2.31
2024-11-18,1.87,2.08,2.3
2024-11-19,1.84,2.05,2.28
2024-11-20,1.85,2.06,2.29
2024-11-21,1.88,2.09,2.31
2024-11-22,1.87,2.07,2.29
2024-11-25,1.82,1.98,2.2
2024-11-26,1.84,2.02,2.24
2024-11-27,1.79,1.99,2.21
2024-11-28,,,
2024-11-29,1.72,1.92,2.15
2024-12-02,1.75,1.93,2.15
2024-12-03,1.75,1.95,2.17
2024-12-04,1.7,1.9,2.12
2024-12-05,1.72,1.92,2.13
2024-12-06,1.72,1.91,2.14
2024-12-09,1.74,1.93,2.18
2024-12-10,1.75,1.93,2.17
2024-12-11,1.75,1.96,2.22
2024-12-12,1.79,2.0,2.28
2024-12-13,1.85,2.07,2.33
2024-12-16,1.87,2.07,2.32
2024-12-17,1.9,2.09,2.33
2024-12-18,2.02,2.18,2.37
2024-12-19,2.08,2.28,2.47
2024-12-20,2.03,2.23,2.44
2024-12-23,2.06,2.27,2.47
2024-12-24,2.04,2.24,2.44
2024-12-25,,,
2024-12-26,2.03,2.23,2.43
2024-12-27,2.07,2.28,2.49
2024-12-30,2.02,2.24,2.47
2024-12-31,2.0,2.24,2.48
2025-01-01,,,
2025-01-02,1.97,2.23,2.48
2025-01-03,2.01,2.26,2.51
2025-01-06,2.02,2.28,2.53
2025-01-07,2.02,2.29,2.55
2025-01-08,1.98,2.27,2.55
2025-01-09,2.0,2.29,2.58
2025-01-10,2.08,2.34,2.6
2025-01-13,2.06,2.34,2.59
2025-01-14,2.04,2.34,2.61
2025-01-15,1.93,2.24,2.53
2025-01-16,1.88,2.19,2.51
2025-01-17,1.9,2.2,2.51
2025-01-20,,,
2025-01-21,1.93,2.19,2.48
2025-01-22,1.95,2.2,2.48
2025-01-23,1.93,2.23,2.5
2025-01-24,1.91,2.2,2.47
2025-01-27,1.83,2.13,2.4
2025-01-28,1.81,2.13,2.42
2025-01-29,1.83,2.15,2.42
2025-01-30,1.81,2.14,2.42
2025-01-31,1.82,2.16,2.46
2025-02-03,1.74,2.09,2.39
2025-02-04,1.72,2.08,2.37
2025-02-05,1.67,2.01,2.29
2025-02-06,1.71,2.03,2.3
2025-02-07,1.75,2.07,2.35
2025-02-10,1.74,2.07,2.36
2025-02-11,1.73,2.08,2.38
2025-02-12,1.82,2.16,2.46
2025-02-13,1.75,2.08,2.38
2025-02-14,1.71,2.04,2.36
2025-02-17,,,
2025-02-18,1.75,2.1,2.41
2025-02-19,1.71,2.08,2.4
2025-02-20,1.68,2.05,2.39
2025-02-21,1.65,2.0,2.35
2025-02-24,1.62,1.98,2.33
2025-02-25,1.55,1.92,2.27
2025-02-26,1.52,1.89,2.25
2025-02-27,1.52,1.92,2.3
2025-02-28,1.45,1.86,2.24
2025-03-03,1.38,1.8,2.2
2025-03-04,1.42,1.87,2.28
2025-03-05,1.52,1.94,2.33
2025-03-06,1.53,1.95,2.33
2025-03-07,1.57,1.99,2.36
2025-03-10,1.49,1.91,2.31
2025-03-11,1.53,1.97,2.35
2025-03-12,1.56,1.99,2.37
2025-03-13,1.54,1.98,2.36
2025-03-14,1.61,2.01,2.38
2025-03-17,1.63,2.02,2.37
2025-03-18,1.61,1.99,2.35
2025-03-19,1.53,1.94,2.32
2025-03-20,1.5,1.93,2.31
2025-03-21,1.49,1.92,2.35
2025-03-24,1.55,1.98,2.4
2025-03-25,1.51,1.96,2.39
2025-03-26,1.52,1.98,2.41
2025-03-27,1.49,1.99,2.44
2025-03-28,1.4,1.9,2.37
2025-03-31,1.35,1.85,2.32
2025-04-01,1.37,1.84,2.3
2025-04-02,1.44,1.88,2.32
2025-04-03,1.25,1.78,2.31
2025-04-04,1.38,1.83,2.28
2025-04-07,1.51,1.96,2.42
2025-04-08,1.53,2.04,2.52
2025-04-09,1.61,2.07,2.5
2025-04-10,1.72,2.21,2.68
2025-04-11,1.82,2.28,2.68
2025-04-14,1.67,2.15,2.6
2025-04-15,1.67,2.16,2.63
2025-04-16,1.62,2.12,2.6
2025-04-17,1.69,2.11,2.59
2025-04-18,,,
2025-04-21,1.72,2.2,2.68
2025-04-22,1.68,2.14,2.63
2025-04-23,1.67,2.11,2.58
2025-04-24,1.56,2.02,2.52
2025-04-25,1.56,2.02,2.53
2025-04-28,1.49,1.98,2.5
2025-04-29,1.48,1.96,2.46
2025-04-30,1.43,1.94,2.47
2025-05-01,1.51,2.0,2.53
2025-05-02,1.61,2.06,2.56
2025-05-05,1.62,2.08,2.58
2025-05-06,1.56,2.04,2.56
2025-05-07,1.54,2.01,2.54
2025-05-08,1.61,2.08,2.59
2025-05-09,1.61,2.08,2.6
2025-05-12,1.74,2.16,2.64
2025-05-13,1.74,2.17,2.65
2025-05-14,1.73,2.16,2.65
2025-05-15,1.66,2.11,2.61
2025-05-16,1.64,2.09,2.59
2025-05-19,1.64,2.1,2.6
2025-05-20,1.65,2.13,2.65
2025-05-21,1.72,2.23,2.75
2025-05-22,1.69,2.2,2.73
2025-05-23,1.68,2.18,2.73
2025-05-26,,,
2025-05-27,1.63,2.11,2.65
2025-05-28,1.66,2.15,2.67
2025-05-29,1.62,2.11,2.63
2025-05-30,1.57,2.07,2.61
2025-06-02,1.63,2.13,2.68
2025-06-03,1.66,2.14,2.68
2025-06-04,1.61,2.06,2.6
2025-06-05,1.68,2.11,2.61
2025-06-06,1.78,2.2,2.68
2025-06-09,1.75,2.18,2.67
2025-06-10,1.76,2.18,2.66
2025-06-11,1.72,2.14,2.65
2025-06-12,1.69,2.11,2.6
2025-06-13,1.71,2.13,2.64
2025-06-16,1.72,2.16,2.67
2025-06-17,1.64,2.08,2.59
2025-06-18,1.62,2.07,2.6
2025-06-19,,,
2025-06-20,1.59,2.05,2.59
2025-06-23,1.58,2.04,2.59
2025-06-24,1.56,2.01,2.57
2025-06-25,1.55,2.01,2.56
2025-06-26,1.5,1.98,2.55
2025-06-27,1.52,2.0,2.57
2025-06-30,1.48,1.95,2.51
2025-07-01,1.52,1.97,2.52
2025-07-02,1.53,2.0,2.54
2025-07-03,1.57,2.02,2.57
2025-07-04,,,
2025-07-07,1.56,2.05,2.62
2025-07-08,1.6,2.07,2.63
2025-07-09,1.54,2.01,2.58
2025-07-10,1.54,2.01,2.57
2025-07-11,1.55,2.06,2.64
2025-07-14,1.53,2.04,2.64
2025-07-15,1.57,2.09,2.67
2025-07-16,1.5,2.05,2.66
2025-07-17,1.48,2.04,2.64
2025-07-18,1.46,2.03,2.65
2025-07-21,1.42,1.98,2.6
2025-07-22,1.41,1.96,2.59
2025-07-23,1.5,2.03,2.64
2025-07-24,1.48,1.98,2.62
2025-07-25,1.48,1.96,2.6
2025-07-28,1.49,1.98,2.63
2025-07-29,1.42,1.91,2.56
2025-07-30,1.48,1.96,2.6
2025-07-31,1.5,1.98,2.62
2025-08-01,1.39,1.9,2.58
2025-08-04,1.34,1.85,2.55
2025-08-05,1.36,1.86,2.54
2025-08-06,1.37,1.88,2.57
2025-08-07,1.38,1.88,2.56
2025-08-08,1.38,1.88,2.57
2025-08-11,1.37,1.87,2.57
2025-08-12,1.4,1.91,2.61
2025-08-13,1.35,1.87,2.57
2025-08-14,1.39,1.9,2.6
2025-08-15,1.43,1.95,2.65
2025-08-18,1.44,1.96,2.67
2025-08-19,1.43,1.95,2.64
2025-08-20,1.41,1.94,2.64
2025-08-21,1.42,1.94,2.65
2025-08-22,1.28,1.85,2.59
2025-08-25,1.31,1.87,2.6
2025-08-26,1.25,1.84,2.6
2025-08-27,1.19,1.81,2.61
2025-08-28,1.2,1.81,2.6
2025-08-29,1.21,1.82,2.62
2025-09-01,,,
2025-09-02,1.26,1.87,2.67
2025-09-03,1.23,1.82,2.61
2025-09-04,1.21,1.79,2.59
2025-09-05,1.17,1.73,2.52
2025-09-08,1.16,1.7,2.46
2025-09-09,1.18,1.72,2.48
2025-09-10,1.18,1.69,2.46
2025-09-11,1.18,1.67,2.41
2025-09-12,1.21,1.7,2.43
2025-09-15,1.2,1.68,2.42
2025-09-16,1.17,1.67,2.4
2025-09-17,1.19,1.68,2.4
2025-09-18,1.23,1.73,2.46
2025-09-19,1.25,1.75,2.47
2025-09-22,1.29,1.78,2.5
2025-09-23,1.26,1.75,2.47
2025-09-24,1.28,1.78,2.49
2025-09-25,1.33,1.8,2.49
2025-09-26,1.34,1.82,2.51
2025-09-29,1.33,1.8,2.47
2025-09-30,1.32,1.8,2.49
2025-10-01,1.29,1.77,2.48
2025-10-02,1.3,1.76,2.46
2025-10-03,1.34,1.8,2.48
2025-10-06,1.37,1.84,2.52
2025-10-07,1.32,1.79,2.47
2025-10-08,1.33,1.78,2.46
2025-10-09,1.35,1.8,2.47
2025-10-10,1.3,1.75,2.41
2025-10-13,,,
2025-10-14,1.27,1.73,2.4
2025-10-15,1.3,1.76,2.42
2025-10-16,1.26,1.71,2.37
2025-10-17,1.3,1.75,2.4
2025-10-20,1.3,1.74,2.39
2025-10-21,1.26,1.7,2.35
2025-10-22,1.24,1.68,2.34
2025-10-23,1.19,1.71,2.36
2025-10-24,1.21,1.73,2.37
2025-10-27,1.24,1.73,2.36
2025-10-28,1.24,1.71,2.33
2025-10-29,1.33,1.78,2.38
2025-10-30,1.34,1.82,2.43
2025-10-31,1.31,1.81,2.44
2025-11-03,1.31,1.82,2.47
2025-11-04,1.31,1.81,2.45
2025-11-05,1.37,1.87,2.5
2025-11-06,1.32,1.83,2.47
2025-11-07,1.31,1.83,2.48
2025-11-10,1.34,1.84,2.48
2025-11-11,,,
2025-11-12,1.31,1.81,2.44
2025-11-13,1.34,1.83,2.48
2025-11-14,1.36,1.86,2.51
2025-11-17,1.35,1.85,2.5
2025-11-18,1.34,1.85,2.51
2025-11-19,1.35,1.86,2.53
2025-11-20,1.34,1.86,2.53
2025-11-21,1.3,1.82,2.51
2025-11-24,1.31,1.81,2.5
2025-11-25,1.28,1.79,2.49
2025-11-26,1.27,1.77,2.45
2025-11-27,,,
2025-11-28,1.3,1.79,2.48
2025-12-01,1.36,1.85,2.53
2025-12-02,1.36,1.85,2.53
2025-12-03,1.33,1.82,2.52
2025-12-04,1.35,1.85,2.54
2025-12-05,1.38,1.88,2.57
2025-12-08,1.43,1.91,2.58
2025-12-09,1.46,1.92,2.58
2025-12-10,1.4,1.88,2.55
2025-12-11,1.4,1.89,2.57
2025-12-12,1.43,1.93,2.61
2025-12-15,1.44,1.93,2.61
2025-12-16,1.44,1.92,2.6
2025-12-17,1.44,1.92,2.61
2025-12-18,1.4,1.88,2.58
2025-12-19,1.43,1.92,2.61
2025-12-22,1.46,1.94,2.63
2025-12-23,1.48,1.94,2.61
2025-12-24,1.46,1.91,2.58
2025-12-25,,,
2025-12-26,1.46,1.91,2.6
2025-12-29,1.44,1.9,2.6
2025-12-30,1.43,1.9,2.6
2025-12-31,1.47,1.93,2.62
2026-01-01,,,
2026-01-02,1.46,1.94,2.63
2026-01-05,1.42,1.91,2.61
2026-01-06,1.42,1.91,2.62
2026-01-07,1.4,1.88,2.59
2026-01-08,1.43,1.92,2.62
2026-01-09,1.43,1.9,2.58
2026-01-12,1.41,1.9,2.59
2026-01-13,1.38,1.88,2.58
2026-01-14,1.36,1.86,2.56
2026-01-15,1.41,1.88,2.55
2026-01-16,1.43,1.91,2.58
2026-01-19,,,
2026-01-20,1.46,1.97,2.65
2026-01-21,1.41,1.92,2.6
2026-01-22,1.43,1.95,2.58
2026-01-23,1.38,1.92,2.56
2026-01-26,1.37,1.9,2.54
2026-01-27,1.34,1.9,2.56
2026-01-28,1.33,1.9,2.57
2026-01-29,1.28,1.89,2.58
2026-01-30,1.26,1.9,2.6
2026-02-02,1.31,1.94,2.63
2026-02-03,1.3,1.92,2.62
2026-02-04,1.32,1.94,2.63
2026-02-05,1.26,1.89,2.59
2026-02-06,1.26,1.88,2.58
2026-02-09,1.25,1.87,2.57
2026-02-10,1.23,1.84,2.53
2026-02-11,1.26,1.86,2.55
2026-02-12,1.22,1.8,2.48
2026-02-13,1.19,1.77,2.46
2026-02-16,,,
2026-02-17,1.24,1.79,2.47
2026-02-18,1.23,1.8,2.48
2026-02-19,1.22,1.79,2.47
2026-02-20,1.22,1.8,2.48
2026-02-23,1.19,1.77,2.49
2026-02-24,1.21,1.78,2.48
2026-02-25,1.19,1.77,2.47
2026-02-26,1.14,1.74,2.44
2026-02-27,1.11,1.72,2.43
2026-03-02,1.16,1.76,2.47
2026-03-03,1.17,1.77,2.48
2026-03-04,1.21,1.8,2.5
2026-03-05,1.21,1.82,2.52
2026-03-06,1.16,1.8,2.54
2026-03-09,1.15,1.78,2.51
2026-03-10,1.2,1.82,2.56
2026-03-11,1.21,1.85,2.61
2026-03-12,1.25,1.89,2.63
2026-03-13,1.26,1.92,2.66
2026-03-16,1.22,1.87,2.62
2026-03-17,1.17,1.83,2.6
2026-03-18,1.21,1.86,2.61
2026-03-19,1.27,1.88,2.6
2026-03-20,1.38,2.01,2.72
2026-03-23,1.42,2.01,2.69
2026-03-24,1.48,2.06,2.72
2026-03-25,1.45,2.02,2.69
2026-03-26,1.52,2.08,2.71
2026-03-27,1.5,2.13,2.78
2026-03-30,1.4,2.04,2.72
2026-03-31,1.38,2.0,2.69
2026-04-01,1.42,2.02,2.71
2026-04-02,1.37,1.97,2.66
2026-04-03,1.38,1.99,2.67
2026-04-06,1.38,1.98,2.65
2026-04-07,1.34,1.96,2.67
2026-04-08,1.36,1.96,2.66
2026-04-09,1.35,1.95,2.67
2026-04-10,1.36,1.95,2.67
2026-04-13,1.31,1.92,2.65
2026-04-14,1.28,1.89,2.62
2026-04-15,1.29,1.9,2.63
2026-04-16,1.31,1.93,2.68
2026-04-17,1.28,1.9,2.65
2026-04-20,1.29,1.91,2.65
2026-04-21,1.31,1.92,2.65
2026-04-22,1.3,1.92,2.65
2026-04-23,1.38,1.92,2.65
2026-04-24,1.31,1.89,2.65
2026-04-27,1.32,1.91,2.68
2026-04-28,1.34,1.92,2.68
2026-04-29,1.38,1.96,2.71
2026-04-30,1.35,1.94,2.71
2026-05-01,1.33,1.91,2.67
2026-05-04,1.36,1.95,2.71
2026-05-05,1.41,1.96,2.69
2026-05-06,1.41,1.94,2.67
2026-05-07,1.43,1.96,2.68
2026-05-08,1.4,1.93,2.66
2026-05-11,1.4,1.95,2.69
2026-05-12,1.43,1.99,2.74
2026-05-13,1.42,1.99,2.74
2026-05-14,1.46,2.0,2.73
2026-05-15,1.56,2.1,2.81
2026-05-18,1.58,2.13,2.82
2026-05-19,1.66,2.18,2.84
2026-05-20,1.63,2.13,2.81
2026-05-21,1.68,2.18,2.8
2026-05-22,1.73,2.16,2.77
2026-05-25,,,
2026-05-26,1.66,2.1,2.73
2026-05-27,1.64,2.09,2.72
2026-05-28,1.61,2.06,2.7
2026-05-29,1.61,2.07,2.71
2026-06-01,1.64,2.07,2.71
2026-06-02,1.65,2.07,2.69
2026-06-03,1.68,2.11,2.72
2026-06-04,1.7,2.11,2.71
2026-06-05,1.81,2.19,2.74
2026-06-08,1.82,2.21,2.77
2026-06-09,1.82,2.2,2.75
2026-06-10,1.83,2.21,2.78
2026-06-11,1.78,2.16,2.72
2026-06-12,1.82,2.17,2.73
2026-06-15,1.78,2.15,2.72
2026-06-16,1.8,2.14,2.7
2026-06-17,1.96,2.23,2.73
2026-06-18,1.96,2.21,2.7
2026-06-19,,,
2026-06-22,2.01,2.28,2.75
2026-06-23,2.03,2.29,2.76
2026-06-24,1.98,2.23,2.71
2026-06-25,1.92,2.19,2.69
2026-06-26,1.91,2.18,2.69
2026-06-29,1.9,2.16,2.68
2026-06-30,1.93,2.2,2.73
2026-07-01,1.98,2.25,2.78
2026-07-02,1.99,2.26,2.79
2026-07-03,,,
2026-07-06,1.94,2.24,2.79
2026-07-07,1.99,2.3,2.84
2026-07-08,2.0,2.31,2.86
2026-07-09,1.99,2.31,2.86
2026-07-10,2.02,2.32,2.86
2026-07-13,2.06,2.36,2.89
2026-07-14,2.03,2.33,2.87
2026-07-15,2.01,2.32,2.88
2026-07-16,2.04,2.35,2.91
2026-07-17,2.01,2.31,2.87
2026-07-20,2.05,2.35,2.91
2026-07-21,2.09,2.37,2.91
2026-07-22,2.11,2.39,2.93
2026-07-23,2.17,2.43,2.95
2026-07-24,2.19,2.43,2.95
2026-07-27,2.22,2.44,2.95
2026-07-28,2.19,2.41,2.92
2026-07-29,2.13,2.41,2.98
2026-07-30,2.14,2.41,2.98
2026-07-31,2.19,2.47,3.03
2026-08-03,2.17,2.43,2.99
2026-08-04,2.14,2.4,2.96
2026-08-05,2.15,2.41,2.96
2026-08-06,2.17,2.43,2.98
2026-08-07,2.13,2.4,2.96
2026-08-10,2.16,2.43,3.0
2026-08-11,2.16,2.43,3.0
2026-08-12,2.14,2.42,2.99
2026-08-13,2.11,2.39,2.97
2026-08-14,2.12,2.41,3.0
2026-08-17,2.13,2.44,3.06
2026-08-18,2.1,2.41,3.03
2026-08-19,2.07,2.35,2.94
2026-08-20,2.05,2.35,2.95
